State,County,"County diagnosed diabetes prevalence for total population, 30+yrs, 2008 (%)",,,
AL,Alabama*,13.8,,,
AL,Autauga,10.8,,,
AL,Baldwin,8.9,,,
AL,Barbour,14.6,,,
AL,Bibb,13.3,,,
AL,Blount,11.3,,,
AL,Bullock,18.2,,,
AL,Butler,14.1,,,
AL,Calhoun,12.4,,,
AL,Chambers,14.2,,,
AL,Cherokee,11.9,,,
AL,Chilton,11.6,,,
AL,Choctaw,13.8,,,
AL,Clarke,13.4,,,
AL,Clay,12.0,,,
AL,Cleburne,11.9,,,
AL,Coffee,10.9,,,
AL,Colbert,12.2,,,
AL,Conecuh,14.5,,,
AL,Coosa,13.8,,,
AL,Covington,11.4,,,
AL,Crenshaw,12.8,,,
AL,Cullman,10.6,,,
AL,Dale,12.0,,,
AL,Dallas,15.8,,,
AL,DeKalb,11.4,,,
AL,Elmore,11.0,,,
AL,Escambia,13.4,,,
AL,Etowah,11.4,,,
AL,Fayette,11.7,,,
AL,Franklin,11.5,,,
AL,Geneva,11.8,,,
AL,Greene,18.3,,,
AL,Hale,16.4,,,
AL,Henry,12.7,,,
AL,Houston,11.1,,,
AL,Jackson,11.1,,,
AL,Jefferson,12.1,,,
AL,Lamar,12.1,,,
AL,Lauderdale,10.5,,,
AL,Lawrence,12.7,,,
AL,Lee,11.4,,,
AL,Limestone,10.6,,,
AL,Lowndes,17.7,,,
AL,Macon,17.6,,,
AL,Madison,9.1,,,
AL,Marengo,13.8,,,
AL,Marion,11.6,,,
AL,Marshall,10.4,,,
AL,Mobile,12.0,,,
AL,Monroe,13.4,,,
AL,Montgomery,12.0,,,
AL,Morgan,10.2,,,
AL,Perry,17.4,,,
AL,Pickens,14.0,,,
AL,Pike,13.0,,,
AL,Randolph,12.8,,,
AL,Russell,14.0,,,
AL,St. Clair,11.7,,,
AL,Shelby,7.4,,,
AL,Sumter,17.9,,,
AL,Talladega,13.5,,,
AL,Tallapoosa,11.9,,,
AL,Tuscaloosa,11.6,,,
AL,Walker,12.3,,,
AL,Washington,13.6,,,
AL,Wilcox,17.0,,,
AL,Winston,11.0,,,
AK,Alaska*,7.7,,,
AK,Aleutians East,16.8,,,
AK,Aleutians West,13.2,,,
AK,Anchorage,9.0,,,
AK,Bethel,16.1,,,
AK,Bristol Bay,12.8,,,
AK,Denali,9.0,,,
AK,Dillingham,13.9,,,
AK,Fairbanks North Star,8.5,,,
AK,Haines,7.1,,,
AK,Juneau,7.0,,,
AK,Kenai Peninsula,8.6,,,
AK,Ketchikan Gateway,9.5,,,
AK,Kodiak Island,10.0,,,
AK,Lake and Peninsula,16.7,,,
AK,Matanuska-Susitna,9.1,,,
AK,Nome,15.4,,,
AK,North Slope,14.5,,,
AK,Northwest Arctic,16.8,,,
AK,Prince of Wales-Outer Ketchikan,12.8,,,
AK,Sitka,8.3,,,
AK,Skagway-Hoonah-Angoon,12.1,,,
AK,Southeast Fairbanks,10.0,,,
AK,Valdez-Cordova,9.2,,,
AK,Wade Hampton,19.7,,,
AK,Wrangell-Petersburg,10.0,,,
AK,Yakutat,13.1,,,
AK,Yukon-Koyukuk,16.1,,,
AZ,Arizona ,9.4,,,
AZ,Apache,17.2,,,
AZ,Cochise,10.1,,,
AZ,Coconino,8.9,,,
AZ,Gila,10.7,,,
AZ,Graham,12.5,,,
AZ,Greenlee,11.5,,,
AZ,La Paz,11.4,,,
AZ,Maricopa,8.8,,,
AZ,Mohave,9.6,,,
AZ,Navajo,13.5,,,
AZ,Pima,8.9,,,
AZ,Pinal,11.3,,,
AZ,Santa Cruz,11.2,,,
AZ,Yavapai,7.7,,,
AZ,Yuma,11.3,,,
AR,Arkansas* ,11.3,,,
AR,Arkansas,10.8,,,
AR,Ashley,12.2,,,
AR,Baxter,9.6,,,
AR,Benton,8.3,,,
AR,Boone,9.4,,,
AR,Bradley,11.6,,,
AR,Calhoun,12.8,,,
AR,Carroll,9.3,,,
AR,Chicot,14.6,,,
AR,Clark,11.1,,,
AR,Clay,11.2,,,
AR,Cleburne,9.4,,,
AR,Cleveland,11.7,,,
AR,Columbia,12.3,,,
AR,Conway,10.9,,,
AR,Craighead,9.1,,,
AR,Crawford,10.1,,,
AR,Crittenden,14.5,,,
AR,Cross,12.6,,,
AR,Dallas,13.4,,,
AR,Desha,13.7,,,
AR,Drew,11.6,,,
AR,Faulkner,8.9,,,
AR,Franklin,10.6,,,
AR,Fulton,10.4,,,
AR,Garland,9.4,,,
AR,Grant,10.1,,,
AR,Greene,10.2,,,
AR,Hempstead,13.1,,,
AR,Hot Spring,10.5,,,
AR,Howard,11.6,,,
AR,Independence,9.5,,,
AR,Izard,10.2,,,
AR,Jackson,11.4,,,
AR,Jefferson,13.1,,,
AR,Johnson,9.4,,,
AR,Lafayette,13.7,,,
AR,Lawrence,11.1,,,
AR,Lee,15.8,,,
AR,Lincoln,14.2,,,
AR,Little River,12.0,,,
AR,Logan,10.7,,,
AR,Lonoke,10.2,,,
AR,Madison,10.1,,,
AR,Marion,10.6,,,
AR,Miller,12.4,,,
AR,Mississippi,13.0,,,
AR,Monroe,14.4,,,
AR,Montgomery,11.0,,,
AR,Nevada,12.6,,,
AR,Newton,10.7,,,
AR,Ouachita,13.0,,,
AR,Perry,10.4,,,
AR,Phillips,15.2,,,
AR,Pike,10.3,,,
AR,Poinsett,12.4,,,
AR,Polk,10.1,,,
AR,Pope,9.4,,,
AR,Prairie,11.2,,,
AR,Pulaski,9.7,,,
AR,Randolph,10.2,,,
AR,St. Francis,15.6,,,
AR,Saline,9.1,,,
AR,Scott,11.7,,,
AR,Searcy,11.5,,,
AR,Sebastian,9.9,,,
AR,Sevier,10.6,,,
AR,Sharp,10.4,,,
AR,Stone,10.3,,,
AR,Union,11.4,,,
AR,Van Buren,10.1,,,
AR,Washington,8.3,,,
AR,White,10.1,,,
AR,Woodruff,13.0,,,
AR,Yell,10.3,,,
CA,California*,10.7,,,
CA,Alameda,9.1,,,
CA,Alpine,9.6,,,
CA,Amador,9.6,,,
CA,Butte,9.4,,,
CA,Calaveras,9.3,,,
CA,Colusa,11.0,,,
CA,Contra Costa,7.9,,,
CA,Del Norte,11.1,,,
CA,El Dorado,7.8,,,
CA,Fresno,11.2,,,
CA,Glenn,11.1,,,
CA,Humboldt,9.2,,,
CA,Imperial,13.2,,,
CA,Inyo,9.6,,,
CA,Kern,12.1,,,
CA,Kings,12.5,,,
CA,Lake,10.7,,,
CA,Lassen,10.6,,,
CA,Los Angeles,10.5,,,
CA,Madera,11.6,,,
CA,Marin,5.9,,,
CA,Mariposa,9.3,,,
CA,Mendocino,9.4,,,
CA,Merced,12.0,,,
CA,Modoc,10.0,,,
CA,Mono,8.0,,,
CA,Monterey,9.7,,,
CA,Napa,8.6,,,
CA,Nevada,7.5,,,
CA,Orange,8.0,,,
CA,Placer,7.2,,,
CA,Plumas,8.6,,,
CA,Riverside,10.4,,,
CA,Sacramento,9.6,,,
CA,San Benito,10.4,,,
CA,San Bernardino,10.9,,,
CA,San Diego,8.8,,,
CA,San Francisco,8.0,,,
CA,San Joaquin,11.0,,,
CA,San Luis Obispo,8.7,,,
CA,San Mateo,8.3,,,
CA,Santa Barbara,9.2,,,
CA,Santa Clara,8.6,,,
CA,Santa Cruz,7.7,,,
CA,Shasta,9.3,,,
CA,Sierra,9.2,,,
CA,Siskiyou,9.4,,,
CA,Solano,10.8,,,
CA,Sonoma,7.7,,,
CA,Stanislaus,10.9,,,
CA,Sutter,10.3,,,
CA,Tehama,10.7,,,
CA,Trinity,9.8,,,
CA,Tulare,12.5,,,
CA,Tuolumne,9.9,,,
CA,Ventura,9.3,,,
CA,Yolo,9.2,,,
CA,Yuba,11.9,,,
CO,Colorado*,7.1,,,
CO,Adams,9.9,,,
CO,Alamosa,10.0,,,
CO,Arapahoe,7.2,,,
CO,Archuleta,7.2,,,
CO,Baca,10.1,,,
CO,Bent,12.5,,,
CO,Boulder,5.5,,,
CO,Chaffee,7.7,,,
CO,Cheyenne,9.7,,,
CO,Clear Creek,6.5,,,
CO,Conejos,11.9,,,
CO,Costilla,13.2,,,
CO,Crowley,14.1,,,
CO,Custer,8.1,,,
CO,Delta,7.9,,,
CO,Denver,7.7,,,
CO,Dolores,8.7,,,
CO,Douglas,4.9,,,
CO,Eagle,5.6,,,
CO,Elbert,7.4,,,
CO,El Paso,7.4,,,
CO,Fremont,9.7,,,
CO,Garfield,7.5,,,
CO,Gilpin,7.1,,,
CO,Grand,6.2,,,
CO,Gunnison,6.2,,,
CO,Hinsdale,6.9,,,
CO,Huerfano,10.7,,,
CO,Jackson,7.9,,,
CO,Jefferson,6.3,,,
CO,Kiowa,10.1,,,
CO,Kit Carson,9.5,,,
CO,Lake,9.0,,,
CO,La Plata,6.5,,,
CO,Larimer,6.4,,,
CO,Las Animas,10.9,,,
CO,Lincoln,9.1,,,
CO,Logan,9.9,,,
CO,Mesa,7.7,,,
CO,Mineral,6.3,,,
CO,Moffat,9.8,,,
CO,Montezuma,8.5,,,
CO,Montrose,8.4,,,
CO,Morgan,9.8,,,
CO,Otero,10.9,,,
CO,Ouray,6.4,,,
CO,Park,6.8,,,
CO,Phillips,7.8,,,
CO,Pitkin,4.5,,,
CO,Prowers,10.7,,,
CO,Pueblo,10.0,,,
CO,Rio Blanco,8.1,,,
CO,Rio Grande,9.9,,,
CO,Routt,5.6,,,
CO,Saguache,11.1,,,
CO,San Juan,6.8,,,
CO,San Miguel,4.9,,,
CO,Sedgwick,8.9,,,
CO,Summit,4.8,,,
CO,Teller,6.2,,,
CO,Washington,9.6,,,
CO,Weld,8.9,,,
CO,Yuma,8.5,,,
CT,Connecticut*,7.9,,,
CT,Fairfield,7.3,,,
CT,Hartford,8.9,,,
CT,Litchfield,7.7,,,
CT,Middlesex,7.7,,,
CT,New Haven,9.4,,,
CT,New London,9.1,,,
CT,Tolland,8.3,,,
CT,Windham,10.0,,,
DE,Delaware*,10.1,,,
DE,Kent,11.8,,,
DE,New Castle,9.6,,,
DE,Sussex,10.6,,,
DC,District of Columbia*,9.9,,,
DC,District of Columbia,10.8,,,
FL,Florida*,11.5,,,
FL,Alachua,10.1,,,
FL,Baker,13.0,,,
FL,Bay,10.0,,,
FL,Bradford,13.6,,,
FL,Brevard,9.4,,,
FL,Broward,9.3,,,
FL,Calhoun,12.8,,,
FL,Charlotte,9.0,,,
FL,Citrus,9.7,,,
FL,Clay,10.3,,,
FL,Collier,7.8,,,
FL,Columbia,11.8,,,
FL,DeSoto,11.8,,,
FL,Dixie,12.0,,,
FL,Duval,11.4,,,
FL,Escambia,10.5,,,
FL,Flagler,9.2,,,
FL,Franklin,11.0,,,
FL,Gadsden,14.7,,,
FL,Gilchrist,10.9,,,
FL,Glades,11.6,,,
FL,Gulf,11.4,,,
FL,Hamilton,14.5,,,
FL,Hardee,13.6,,,
FL,Hendry,11.7,,,
FL,Hernando,9.6,,,
FL,Highlands,11.1,,,
FL,Hillsborough,10.2,,,
FL,Holmes,11.1,,,
FL,Indian River,8.8,,,
FL,Jackson,12.9,,,
FL,Jefferson,12.7,,,
FL,Lafayette,12.2,,,
FL,Lake,9.7,,,
FL,Lee,8.9,,,
FL,Leon,9.0,,,
FL,Levy,11.1,,,
FL,Liberty,12.9,,,
FL,Madison,13.6,,,
FL,Manatee,8.9,,,
FL,Marion,10.8,,,
FL,Martin,7.7,,,
FL,Miami-Dade,11.1,,,
FL,Monroe,8.1,,,
FL,Nassau,10.1,,,
FL,Okaloosa,9.4,,,
FL,Okeechobee,11.5,,,
FL,Orange,10.5,,,
FL,Osceola,11.1,,,
FL,Palm Beach,8.7,,,
FL,Pasco,9.8,,,
FL,Pinellas,9.0,,,
FL,Polk,10.7,,,
FL,Putnam,12.6,,,
FL,St. Johns,8.0,,,
FL,St. Lucie,9.8,,,
FL,Santa Rosa,9.2,,,
FL,Sarasota,7.3,,,
FL,Seminole,8.8,,,
FL,Sumter,10.5,,,
FL,Suwannee,11.1,,,
FL,Taylor,12.3,,,
FL,Union,14.7,,,
FL,Volusia,10.0,,,
FL,Wakulla,10.5,,,
FL,Walton,10.1,,,
FL,Washington,11.8,,,
GA,Georgia*,11.7,,,
GA,Appling,12.8,,,
GA,Atkinson,13.6,,,
GA,Bacon,12.3,,,
GA,Baker,16.1,,,
GA,Baldwin,13.3,,,
GA,Banks,11.5,,,
GA,Barrow,11.4,,,
GA,Bartow,10.8,,,
GA,Ben Hill,13.5,,,
GA,Berrien,12.1,,,
GA,Bibb,12.8,,,
GA,Bleckley,12.5,,,
GA,Brantley,12.1,,,
GA,Brooks,13.9,,,
GA,Bryan,10.7,,,
GA,Bulloch,11.9,,,
GA,Burke,15.0,,,
GA,Butts,13.0,,,
GA,Calhoun,16.9,,,
GA,Camden,12.0,,,
GA,Candler,13.2,,,
GA,Carroll,11.3,,,
GA,Catoosa,10.6,,,
GA,Charlton,14.0,,,
GA,Chatham,12.3,,,
GA,Chattahoochee,11.9,,,
GA,Chattooga,12.2,,,
GA,Cherokee,8.1,,,
GA,Clarke,11.5,,,
GA,Clay,16.7,,,
GA,Clayton,12.7,,,
GA,Clinch,13.9,,,
GA,Cobb,8.1,,,
GA,Coffee,13.3,,,
GA,Colquitt,12.1,,,
GA,Columbia,8.3,,,
GA,Cook,12.8,,,
GA,Coweta,10.3,,,
GA,Crawford,13.5,,,
GA,Crisp,13.4,,,
GA,Dade,10.5,,,
GA,Dawson,9.1,,,
GA,Decatur,13.6,,,
GA,DeKalb,10.7,,,
GA,Dodge,13.8,,,
GA,Dooly,15.3,,,
GA,Dougherty,14.7,,,
GA,Douglas,10.8,,,
GA,Early,14.3,,,
GA,Echols,12.5,,,
GA,Effingham,11.5,,,
GA,Elbert,13.1,,,
GA,Emanuel,14.4,,,
GA,Evans,13.7,,,
GA,Fannin,10.4,,,
GA,Fayette,7.7,,,
GA,Floyd,10.9,,,
GA,Forsyth,7.3,,,
GA,Franklin,11.2,,,
GA,Fulton,9.6,,,
GA,Gilmer,10.1,,,
GA,Glascock,11.6,,,
GA,Glynn,10.8,,,
GA,Gordon,10.5,,,
GA,Grady,12.8,,,
GA,Greene,12.4,,,
GA,Gwinnett,8.7,,,
GA,Habersham,10.2,,,
GA,Hall,10.2,,,
GA,Hancock,17.8,,,
GA,Haralson,11.3,,,
GA,Harris,10.9,,,
GA,Hart,11.9,,,
GA,Heard,12.6,,,
GA,Henry,10.2,,,
GA,Houston,11.9,,,
GA,Irwin,14.4,,,
GA,Jackson,11.2,,,
GA,Jasper,12.5,,,
GA,Jeff Davis,12.3,,,
GA,Jefferson,15.4,,,
GA,Jenkins,14.5,,,
GA,Johnson,15.3,,,
GA,Jones,11.9,,,
GA,Lamar,12.7,,,
GA,Lanier,13.1,,,
GA,Laurens,13.2,,,
GA,Lee,10.9,,,
GA,Liberty,14.5,,,
GA,Lincoln,13.2,,,
GA,Long,14.3,,,
GA,Lowndes,12.5,,,
GA,Lumpkin,9.9,,,
GA,McDuffie,12.9,,,
GA,McIntosh,14.3,,,
GA,Macon,16.4,,,
GA,Madison,11.0,,,
GA,Marion,14.7,,,
GA,Meriwether,14.3,,,
GA,Miller,11.5,,,
GA,Mitchell,14.5,,,
GA,Monroe,11.5,,,
GA,Montgomery,13.0,,,
GA,Morgan,11.2,,,
GA,Murray,11.5,,,
GA,Muscogee,12.6,,,
GA,Newton,11.9,,,
GA,Oconee,7.7,,,
GA,Oglethorpe,11.6,,,
GA,Paulding,10.7,,,
GA,Peach,13.9,,,
GA,Pickens,9.8,,,
GA,Pierce,10.9,,,
GA,Pike,11.2,,,
GA,Polk,12.8,,,
GA,Pulaski,12.5,,,
GA,Putnam,12.0,,,
GA,Quitman,15.5,,,
GA,Rabun,9.7,,,
GA,Randolph,16.3,,,
GA,Richmond,13.6,,,
GA,Rockdale,10.4,,,
GA,Schley,13.5,,,
GA,Screven,14.3,,,
GA,Seminole,12.8,,,
GA,Spalding,12.6,,,
GA,Stephens,11.2,,,
GA,Stewart,16.4,,,
GA,Sumter,13.6,,,
GA,Talbot,17.5,,,
GA,Taliaferro,17.3,,,
GA,Tattnall,13.8,,,
GA,Taylor,15.0,,,
GA,Telfair,15.1,,,
GA,Terrell,17.2,,,
GA,Thomas,12.4,,,
GA,Tift,13.0,,,
GA,Toombs,12.7,,,
GA,Towns,9.0,,,
GA,Treutlen,14.6,,,
GA,Troup,12.3,,,
GA,Turner,14.1,,,
GA,Twiggs,16.0,,,
GA,Union,9.6,,,
GA,Upson,12.4,,,
GA,Walker,11.4,,,
GA,Walton,11.5,,,
GA,Ware,13.0,,,
GA,Warren,16.1,,,
GA,Washington,14.7,,,
GA,Wayne,11.6,,,
GA,Webster,15.2,,,
GA,Wheeler,14.8,,,
GA,White,9.9,,,
GA,Whitfield,11.1,,,
GA,Wilcox,15.5,,,
GA,Wilkes,13.7,,,
GA,Wilkinson,13.9,,,
GA,Worth,13.0,,,
HI,Hawaii*,10.1,,,
HI,Hawaii,8.1,,,
HI,Honolulu,8.6,,,
HI,Kalawao,8.4,,,
HI,Kauai,8.3,,,
HI,Maui,8.0,,,
ID,Idaho*,8.7,,,
ID,Ada,7.7,,,
ID,Adams,9.5,,,
ID,Bannock,9.8,,,
ID,Bear Lake,9.4,,,
ID,Benewah,10.3,,,
ID,Bingham,11.0,,,
ID,Blaine,5.4,,,
ID,Boise,9.1,,,
ID,Bonner,8.8,,,
ID,Bonneville,8.9,,,
ID,Boundary,8.6,,,
ID,Butte,9.8,,,
ID,Camas,8.2,,,
ID,Canyon,10.3,,,
ID,Caribou,9.8,,,
ID,Cassia,9.8,,,
ID,Clark,10.5,,,
ID,Clearwater,8.7,,,
ID,Custer,9.2,,,
ID,Elmore,9.7,,,
ID,Franklin,9.7,,,
ID,Fremont,9.7,,,
ID,Gem,9.7,,,
ID,Gooding,10.0,,,
ID,Idaho,8.6,,,
ID,Jefferson,10.3,,,
ID,Jerome,9.2,,,
ID,Kootenai,8.6,,,
ID,Latah,7.6,,,
ID,Lemhi,8.7,,,
ID,Lewis,9.8,,,
ID,Lincoln,9.6,,,
ID,Madison,10.8,,,
ID,Minidoka,10.2,,,
ID,Nez Perce,9.3,,,
ID,Oneida,9.4,,,
ID,Owyhee,10.7,,,
ID,Payette,10.0,,,
ID,Power,10.5,,,
ID,Shoshone,9.5,,,
ID,Teton,7.3,,,
ID,Twin Falls,9.2,,,
ID,Valley,6.4,,,
ID,Washington,9.6,,,
IL,Illinois*,10.6,,,
IL,Adams,9.2,,,
IL,Alexander,13.9,,,
IL,Bond,10.4,,,
IL,Boone,9.5,,,
IL,Brown,10.9,,,
IL,Bureau,9.3,,,
IL,Calhoun,9.7,,,
IL,Carroll,9.6,,,
IL,Cass,10.0,,,
IL,Champaign,9.3,,,
IL,Christian,10.8,,,
IL,Clark,10.2,,,
IL,Clay,10.5,,,
IL,Clinton,9.8,,,
IL,Coles,10.0,,,
IL,Cook,10.3,,,
IL,Crawford,11.0,,,
IL,Cumberland,10.6,,,
IL,DeKalb,9.1,,,
IL,De Witt,9.5,,,
IL,Douglas,9.5,,,
IL,DuPage,6.8,,,
IL,Edgar,10.3,,,
IL,Edwards,10.5,,,
IL,Effingham,9.2,,,
IL,Fayette,10.9,,,
IL,Ford,9.1,,,
IL,Franklin,10.4,,,
IL,Fulton,10.3,,,
IL,Gallatin,11.5,,,
IL,Greene,10.5,,,
IL,Grundy,9.2,,,
IL,Hamilton,10.8,,,
IL,Hancock,9.3,,,
IL,Hardin,10.9,,,
IL,Henderson,9.9,,,
IL,Henry,9.3,,,
IL,Iroquois,10.1,,,
IL,Jackson,9.6,,,
IL,Jasper,10.3,,,
IL,Jefferson,10.7,,,
IL,Jersey,10.1,,,
IL,Jo Daviess,8.9,,,
IL,Johnson,11.3,,,
IL,Kane,8.8,,,
IL,Kankakee,10.8,,,
IL,Kendall,8.1,,,
IL,Knox,10.2,,,
IL,Lake,7.6,,,
IL,LaSalle,9.8,,,
IL,Lawrence,10.6,,,
IL,Lee,10.0,,,
IL,Livingston,10.1,,,
IL,Logan,10.0,,,
IL,McDonough,9.9,,,
IL,McHenry,7.8,,,
IL,McLean,7.9,,,
IL,Macon,10.5,,,
IL,Macoupin,10.6,,,
IL,Madison,9.9,,,
IL,Marion,10.5,,,
IL,Marshall,9.6,,,
IL,Mason,10.3,,,
IL,Massac,10.6,,,
IL,Menard,9.2,,,
IL,Mercer,9.7,,,
IL,Monroe,8.6,,,
IL,Montgomery,10.4,,,
IL,Morgan,9.8,,,
IL,Moultrie,9.3,,,
IL,Ogle,9.0,,,
IL,Peoria,9.4,,,
IL,Perry,10.5,,,
IL,Piatt,8.9,,,
IL,Pike,10.1,,,
IL,Pope,10.6,,,
IL,Pulaski,14.5,,,
IL,Putnam,9.9,,,
IL,Randolph,10.4,,,
IL,Richland,9.7,,,
IL,Rock Island,10.4,,,
IL,St. Clair,11.3,,,
IL,Saline,10.3,,,
IL,Sangamon,9.3,,,
IL,Schuyler,9.6,,,
IL,Scott,9.9,,,
IL,Shelby,10.2,,,
IL,Stark,9.4,,,
IL,Stephenson,10.1,,,
IL,Tazewell,9.3,,,
IL,Union,9.9,,,
IL,Vermilion,11.1,,,
IL,Wabash,10.3,,,
IL,Warren,9.8,,,
IL,Washington,10.0,,,
IL,Wayne,10.3,,,
IL,White,10.4,,,
IL,Whiteside,10.2,,,
IL,Will,8.9,,,
IL,Williamson,9.5,,,
IL,Winnebago,10.1,,,
IL,Woodford,8.7,,,
IN,Indiana*,11.1,,,
IN,Adams,10.4,,,
IN,Allen,9.3,,,
IN,Bartholomew,8.9,,,
IN,Benton,9.5,,,
IN,Blackford,10.3,,,
IN,Boone,8.5,,,
IN,Brown,9.4,,,
IN,Carroll,9.8,,,
IN,Cass,10.0,,,
IN,Clark,10.4,,,
IN,Clay,10.2,,,
IN,Clinton,11.0,,,
IN,Crawford,11.6,,,
IN,Daviess,10.7,,,
IN,Dearborn,9.8,,,
IN,Decatur,10.5,,,
IN,DeKalb,9.6,,,
IN,Delaware,10.6,,,
IN,Dubois,9.2,,,
IN,Elkhart,9.7,,,
IN,Fayette,11.1,,,
IN,Floyd,9.5,,,
IN,Fountain,10.7,,,
IN,Franklin,10.6,,,
IN,Fulton,10.7,,,
IN,Gibson,10.5,,,
IN,Grant,11.0,,,
IN,Greene,10.7,,,
IN,Hamilton,6.5,,,
IN,Hancock,8.8,,,
IN,Harrison,10.1,,,
IN,Hendricks,8.6,,,
IN,Henry,10.4,,,
IN,Howard,9.8,,,
IN,Huntington,9.8,,,
IN,Jackson,10.1,,,
IN,Jasper,9.6,,,
IN,Jay,10.5,,,
IN,Jefferson,9.5,,,
IN,Jennings,11.0,,,
IN,Johnson,8.8,,,
IN,Knox,10.5,,,
IN,Kosciusko,9.8,,,
IN,LaGrange,10.4,,,
IN,Lake,11.7,,,
IN,LaPorte,10.4,,,
IN,Lawrence,11.3,,,
IN,Madison,10.9,,,
IN,Marion,11.0,,,
IN,Marshall,9.5,,,
IN,Martin,11.0,,,
IN,Miami,10.8,,,
IN,Monroe,9.2,,,
IN,Montgomery,9.8,,,
IN,Morgan,10.5,,,
IN,Newton,10.6,,,
IN,Noble,10.0,,,
IN,Ohio,10.4,,,
IN,Orange,10.5,,,
IN,Owen,10.9,,,
IN,Parke,10.5,,,
IN,Perry,10.4,,,
IN,Pike,10.5,,,
IN,Porter,8.9,,,
IN,Posey,10.2,,,
IN,Pulaski,10.1,,,
IN,Putnam,10.1,,,
IN,Randolph,11.0,,,
IN,Ripley,10.0,,,
IN,Rush,10.3,,,
IN,St. Joseph,9.5,,,
IN,Scott,11.0,,,
IN,Shelby,10.4,,,
IN,Spencer,9.8,,,
IN,Starke,11.0,,,
IN,Steuben,9.5,,,
IN,Sullivan,11.1,,,
IN,Switzerland,11.2,,,
IN,Tippecanoe,9.0,,,
IN,Tipton,10.0,,,
IN,Union,10.0,,,
IN,Vanderburgh,9.6,,,
IN,Vermillion,10.6,,,
IN,Vigo,10.1,,,
IN,Wabash,9.8,,,
IN,Warren,10.0,,,
IN,Warrick,8.5,,,
IN,Washington,10.6,,,
IN,Wayne,10.8,,,
IN,Wells,9.2,,,
IN,White,10.0,,,
IN,Whitley,9.8,,,
IA,Iowa*,8.5,,,
IA,Adair,9.6,,,
IA,Adams,9.3,,,
IA,Allamakee,8.7,,,
IA,Appanoose,9.6,,,
IA,Audubon,9.5,,,
IA,Benton,9.6,,,
IA,Black Hawk,9.1,,,
IA,Boone,8.9,,,
IA,Bremer,7.8,,,
IA,Buchanan,9.6,,,
IA,Buena Vista,8.8,,,
IA,Butler,9.7,,,
IA,Calhoun,9.2,,,
IA,Carroll,8.2,,,
IA,Cass,8.8,,,
IA,Cedar,9.2,,,
IA,Cerro Gordo,8.7,,,
IA,Cherokee,8.8,,,
IA,Chickasaw,9.1,,,
IA,Clarke,9.4,,,
IA,Clay,8.3,,,
IA,Clayton,9.2,,,
IA,Clinton,10.0,,,
IA,Crawford,8.9,,,
IA,Dallas,7.7,,,
IA,Davis,10.1,,,
IA,Decatur,10.2,,,
IA,Delaware,9.3,,,
IA,Des Moines,9.4,,,
IA,Dickinson,8.2,,,
IA,Dubuque,8.3,,,
IA,Emmet,9.0,,,
IA,Fayette,9.5,,,
IA,Floyd,9.3,,,
IA,Franklin,9.5,,,
IA,Fremont,9.4,,,
IA,Greene,9.0,,,
IA,Grundy,8.7,,,
IA,Guthrie,8.8,,,
IA,Hamilton,8.8,,,
IA,Hancock,9.3,,,
IA,Hardin,8.7,,,
IA,Harrison,9.6,,,
IA,Henry,9.3,,,
IA,Howard,8.9,,,
IA,Humboldt,8.8,,,
IA,Ida,9.2,,,
IA,Iowa,9.1,,,
IA,Jackson,9.5,,,
IA,Jasper,9.5,,,
IA,Jefferson,7.6,,,
IA,Johnson,7.2,,,
IA,Jones,9.7,,,
IA,Keokuk,10.2,,,
IA,Kossuth,9.0,,,
IA,Lee,10.0,,,
IA,Linn,8.1,,,
IA,Louisa,10.1,,,
IA,Lucas,10.2,,,
IA,Lyon,9.0,,,
IA,Madison,9.3,,,
IA,Mahaska,8.9,,,
IA,Marion,9.1,,,
IA,Marshall,9.2,,,
IA,Mills,9.3,,,
IA,Mitchell,9.2,,,
IA,Monona,9.0,,,
IA,Monroe,9.6,,,
IA,Montgomery,9.8,,,
IA,Muscatine,9.4,,,
IA,O'Brien,8.7,,,
IA,Osceola,9.3,,,
IA,Page,8.8,,,
IA,Palo Alto,9.3,,,
IA,Plymouth,8.1,,,
IA,Pocahontas,8.9,,,
IA,Polk,8.6,,,
IA,Pottawattamie,10.0,,,
IA,Poweshiek,8.7,,,
IA,Ringgold,9.9,,,
IA,Sac,9.1,,,
IA,Scott,8.8,,,
IA,Shelby,8.8,,,
IA,Sioux,8.2,,,
IA,Story,7.8,,,
IA,Tama,10.0,,,
IA,Taylor,10.3,,,
IA,Union,8.9,,,
IA,Van Buren,9.9,,,
IA,Wapello,10.0,,,
IA,Warren,9.1,,,
IA,Washington,8.8,,,
IA,Wayne,10.3,,,
IA,Webster,9.8,,,
IA,Winnebago,9.1,,,
IA,Winneshiek,8.3,,,
IA,Woodbury,9.2,,,
IA,Worth,9.4,,,
IA,Wright,9.4,,,
KS,Kansas*,10.0,,,
KS,Allen,10.6,,,
KS,Anderson,9.7,,,
KS,Atchison,9.9,,,
KS,Barber,8.2,,,
KS,Barton,9.5,,,
KS,Bourbon,9.8,,,
KS,Brown,9.1,,,
KS,Butler,9.5,,,
KS,Chase,9.2,,,
KS,Chautauqua,10.7,,,
KS,Cherokee,10.8,,,
KS,Cheyenne,8.7,,,
KS,Clark,7.5,,,
KS,Clay,8.3,,,
KS,Cloud,9.8,,,
KS,Coffey,8.8,,,
KS,Comanche,9.5,,,
KS,Cowley,9.8,,,
KS,Crawford,9.4,,,
KS,Decatur,7.8,,,
KS,Dickinson,8.5,,,
KS,Doniphan,10.5,,,
KS,Douglas,7.9,,,
KS,Edwards,9.5,,,
KS,Elk,10.7,,,
KS,Ellis,8.5,,,
KS,Ellsworth,9.5,,,
KS,Finney,10.5,,,
KS,Ford,9.6,,,
KS,Franklin,9.4,,,
KS,Geary,10.7,,,
KS,Gove,6.5,,,
KS,Graham,8.8,,,
KS,Grant,9.9,,,
KS,Gray,8.7,,,
KS,Greeley,8.2,,,
KS,Greenwood,9.9,,,
KS,Hamilton,8.8,,,
KS,Harper,10.3,,,
KS,Harvey,8.7,,,
KS,Haskell,9.3,,,
KS,Hodgeman,8.1,,,
KS,Jackson,9.9,,,
KS,Jefferson,9.2,,,
KS,Jewell,10.0,,,
KS,Johnson,6.7,,,
KS,Kearny,10.2,,,
KS,Kingman,10.0,,,
KS,Kiowa,9.2,,,
KS,Labette,9.9,,,
KS,Lane,9.0,,,
KS,Leavenworth,9.9,,,
KS,Lincoln,8.4,,,
KS,Linn,9.9,,,
KS,Logan,9.4,,,
KS,Lyon,9.6,,,
KS,McPherson,7.8,,,
KS,Marion,8.8,,,
KS,Marshall,9.2,,,
KS,Meade,8.9,,,
KS,Miami,9.1,,,
KS,Mitchell,8.7,,,
KS,Montgomery,10.5,,,
KS,Morris,8.8,,,
KS,Morton,9.5,,,
KS,Nemaha,9.2,,,
KS,Neosho,10.1,,,
KS,Ness,8.7,,,
KS,Norton,8.7,,,
KS,Osage,9.7,,,
KS,Osborne,9.3,,,
KS,Ottawa,7.7,,,
KS,Pawnee,9.8,,,
KS,Phillips,8.7,,,
KS,Pottawatomie,8.2,,,
KS,Pratt,8.7,,,
KS,Rawlins,7.2,,,
KS,Reno,9.7,,,
KS,Republic,8.7,,,
KS,Rice,9.3,,,
KS,Riley,8.8,,,
KS,Rooks,8.8,,,
KS,Rush,9.0,,,
KS,Russell,9.4,,,
KS,Saline,8.3,,,
KS,Scott,7.8,,,
KS,Sedgwick,9.6,,,
KS,Seward,10.4,,,
KS,Shawnee,9.2,,,
KS,Sheridan,8.0,,,
KS,Sherman,9.5,,,
KS,Smith,9.0,,,
KS,Stafford,8.9,,,
KS,Stanton,9.3,,,
KS,Stevens,9.7,,,
KS,Sumner,10.4,,,
KS,Thomas,8.5,,,
KS,Trego,8.8,,,
KS,Wabaunsee,9.1,,,
KS,Wallace,9.4,,,
KS,Washington,9.1,,,
KS,Wichita,9.2,,,
KS,Wilson,10.0,,,
KS,Woodson,10.6,,,
KS,Wyandotte,12.7,,,
KY,Kentucky*,12.0,,,
KY,Adair,10.9,,,
KY,Allen,11.7,,,
KY,Anderson,9.9,,,
KY,Ballard,10.9,,,
KY,Barren,10.8,,,
KY,Bath,11.7,,,
KY,Bell,12.6,,,
KY,Boone,8.5,,,
KY,Bourbon,11.0,,,
KY,Boyd,11.1,,,
KY,Boyle,10.4,,,
KY,Bracken,10.6,,,
KY,Breathitt,12.1,,,
KY,Breckinridge,11.5,,,
KY,Bullitt,10.7,,,
KY,Butler,11.6,,,
KY,Caldwell,11.0,,,
KY,Calloway,9.2,,,
KY,Campbell,9.5,,,
KY,Carlisle,10.8,,,
KY,Carroll,10.8,,,
KY,Carter,11.9,,,
KY,Casey,12.0,,,
KY,Christian,12.3,,,
KY,Clark,10.8,,,
KY,Clay,13.9,,,
KY,Clinton,11.0,,,
KY,Crittenden,11.1,,,
KY,Cumberland,11.6,,,
KY,Daviess,10.1,,,
KY,Edmonson,11.8,,,
KY,Elliott,12.5,,,
KY,Estill,11.8,,,
KY,Fayette,9.2,,,
KY,Fleming,10.3,,,
KY,Floyd,13.9,,,
KY,Franklin,9.3,,,
KY,Fulton,12.0,,,
KY,Gallatin,11.4,,,
KY,Garrard,10.9,,,
KY,Grant,11.0,,,
KY,Graves,10.5,,,
KY,Grayson,11.6,,,
KY,Green,10.6,,,
KY,Greenup,11.7,,,
KY,Hancock,11.1,,,
KY,Hardin,11.0,,,
KY,Harlan,13.7,,,
KY,Harrison,10.2,,,
KY,Hart,11.9,,,
KY,Henderson,10.5,,,
KY,Henry,10.8,,,
KY,Hickman,12.0,,,
KY,Hopkins,10.4,,,
KY,Jackson,13.1,,,
KY,Jefferson,10.2,,,
KY,Jessamine,9.8,,,
KY,Johnson,12.4,,,
KY,Kenton,9.3,,,
KY,Knott,13.6,,,
KY,Knox,12.6,,,
KY,Larue,10.9,,,
KY,Laurel,11.8,,,
KY,Lawrence,12.5,,,
KY,Lee,12.8,,,
KY,Leslie,13.4,,,
KY,Letcher,14.2,,,
KY,Lewis,12.3,,,
KY,Lincoln,11.4,,,
KY,Livingston,10.5,,,
KY,Logan,11.3,,,
KY,Lyon,10.7,,,
KY,McCracken,10.2,,,
KY,McCreary,13.0,,,
KY,McLean,11.3,,,
KY,Madison,10.0,,,
KY,Magoffin,13.6,,,
KY,Marion,11.6,,,
KY,Marshall,9.5,,,
KY,Martin,13.1,,,
KY,Mason,10.6,,,
KY,Meade,11.2,,,
KY,Menifee,13.0,,,
KY,Mercer,10.5,,,
KY,Metcalfe,11.8,,,
KY,Monroe,11.7,,,
KY,Montgomery,11.7,,,
KY,Morgan,12.9,,,
KY,Muhlenberg,11.7,,,
KY,Nelson,10.3,,,
KY,Nicholas,11.8,,,
KY,Ohio,11.6,,,
KY,Oldham,8.4,,,
KY,Owen,10.7,,,
KY,Owsley,13.7,,,
KY,Pendleton,11.3,,,
KY,Perry,12.7,,,
KY,Pike,13.5,,,
KY,Powell,12.5,,,
KY,Pulaski,11.2,,,
KY,Robertson,11.3,,,
KY,Rockcastle,11.6,,,
KY,Rowan,10.3,,,
KY,Russell,10.9,,,
KY,Scott,9.8,,,
KY,Shelby,9.9,,,
KY,Simpson,11.1,,,
KY,Spencer,10.2,,,
KY,Taylor,10.5,,,
KY,Todd,11.8,,,
KY,Trigg,10.7,,,
KY,Trimble,11.5,,,
KY,Union,12.0,,,
KY,Warren,9.9,,,
KY,Washington,10.9,,,
KY,Wayne,11.8,,,
KY,Webster,11.2,,,
KY,Whitley,11.6,,,
KY,Wolfe,12.8,,,
KY,Woodford,8.9,,,
LA,Louisiana*,13.2,,,
LA,Acadia,12.3,,,
LA,Allen,12.9,,,
LA,Ascension,11.2,,,
LA,Assumption,14.1,,,
LA,Avoyelles,12.9,,,
LA,Beauregard,11.3,,,
LA,Bienville,14.3,,,
LA,Bossier,10.9,,,
LA,Caddo,12.0,,,
LA,Calcasieu,11.1,,,
LA,Caldwell,12.3,,,
LA,Cameron,11.2,,,
LA,Catahoula,13.2,,,
LA,Claiborne,13.3,,,
LA,Concordia,13.5,,,
LA,De Soto,13.6,,,
LA,East Baton Rouge,10.5,,,
LA,East Carroll,17.6,,,
LA,East Feliciana,14.3,,,
LA,Evangeline,12.6,,,
LA,Franklin,13.4,,,
LA,Grant,11.9,,,
LA,Iberia,13.2,,,
LA,Iberville,14.1,,,
LA,Jackson,12.3,,,
LA,Jefferson,10.9,,,
LA,Jefferson Davis,11.8,,,
LA,Lafayette,9.8,,,
LA,Lafourche,11.9,,,
LA,La Salle,10.5,,,
LA,Lincoln,11.7,,,
LA,Livingston,10.9,,,
LA,Madison,16.0,,,
LA,Morehouse,13.9,,,
LA,Natchitoches,13.1,,,
LA,Orleans,13.4,,,
LA,Ouachita,11.1,,,
LA,Plaquemines,12.1,,,
LA,Pointe Coupee,12.6,,,
LA,Rapides,11.6,,,
LA,Red River,13.7,,,
LA,Richland,12.3,,,
LA,Sabine,12.6,,,
LA,St. Bernard,10.9,,,
LA,St. Charles,12.0,,,
LA,St. Helena,14.9,,,
LA,St. James,14.4,,,
LA,St. John the Baptist,13.7,,,
LA,St. Landry,14.0,,,
LA,St. Martin,13.6,,,
LA,St. Mary,13.6,,,
LA,St. Tammany,9.1,,,
LA,Tangipahoa,12.2,,,
LA,Tensas,15.2,,,
LA,Terrebonne,12.5,,,
LA,Union,12.1,,,
LA,Vermilion,12.0,,,
LA,Vernon,11.5,,,
LA,Washington,14.3,,,
LA,Webster,12.3,,,
LA,West Baton Rouge,13.4,,,
LA,West Carroll,12.8,,,
LA,West Feliciana,14.7,,,
LA,Winn,13.4,,,
ME,Maine*,9.7,,,
ME,Androscoggin,9.4,,,
ME,Aroostook,10.5,,,
ME,Cumberland,7.4,,,
ME,Franklin,8.3,,,
ME,Hancock,7.6,,,
ME,Kennebec,8.9,,,
ME,Knox,7.7,,,
ME,Lincoln,7.0,,,
ME,Oxford,9.2,,,
ME,Penobscot,9.9,,,
ME,Piscataquis,10.4,,,
ME,Sagadahoc,8.0,,,
ME,Somerset,10.9,,,
ME,Waldo,8.9,,,
ME,Washington,10.4,,,
ME,York,8.5,,,
MD,Maryland*,10.3,,,
MD,Allegany,11.4,,,
MD,Anne Arundel,9.1,,,
MD,Baltimore,9.2,,,
MD,Calvert,9.7,,,
MD,Caroline,11.8,,,
MD,Carroll,8.3,,,
MD,Cecil,10.1,,,
MD,Charles,10.5,,,
MD,Dorchester,12.6,,,
MD,Frederick,8.4,,,
MD,Garrett,10.5,,,
MD,Harford,9.2,,,
MD,Howard,7.1,,,
MD,Kent,10.1,,,
MD,Montgomery,7.1,,,
MD,Prince George's,12.1,,,
MD,Queen Anne's,9.1,,,
MD,St. Mary's,9.8,,,
MD,Somerset,13.8,,,
MD,Talbot,8.7,,,
MD,Washington,10.6,,,
MD,Wicomico,10.8,,,
MD,Worcester,9.4,,,
MD,Baltimore,14.8,,,
MA,Massachusetts*,8.6,,,
MA,Barnstable,7.1,,,
MA,Berkshire,8.4,,,
MA,Bristol,10.1,,,
MA,Dukes,6.6,,,
MA,Essex,9.3,,,
MA,Franklin,7.9,,,
MA,Hampden,11.0,,,
MA,Hampshire,8.0,,,
MA,Middlesex,8.4,,,
MA,Nantucket,6.5,,,
MA,Norfolk,7.6,,,
MA,Plymouth,8.6,,,
MA,Suffolk,11.1,,,
MA,Worcester,9.1,,,
MI,Michigan*,11.3,,,
MI,Alcona,10.2,,,
MI,Alger,9.9,,,
MI,Allegan,10.1,,,
MI,Alpena,9.9,,,
MI,Antrim,9.1,,,
MI,Arenac,11.7,,,
MI,Baraga,10.7,,,
MI,Barry,10.0,,,
MI,Bay,10.8,,,
MI,Benzie,9.0,,,
MI,Berrien,10.0,,,
MI,Branch,10.9,,,
MI,Calhoun,11.1,,,
MI,Cass,11.0,,,
MI,Charlevoix,8.9,,,
MI,Cheboygan,10.3,,,
MI,Chippewa,10.9,,,
MI,Clare,11.5,,,
MI,Clinton,9.1,,,
MI,Crawford,10.2,,,
MI,Delta,9.3,,,
MI,Dickinson,8.9,,,
MI,Eaton,9.2,,,
MI,Emmet,8.3,,,
MI,Genesee,12.0,,,
MI,Gladwin,11.2,,,
MI,Gogebic,8.9,,,
MI,Grand Traverse,8.1,,,
MI,Gratiot,10.7,,,
MI,Hillsdale,10.7,,,
MI,Houghton,9.3,,,
MI,Huron,9.6,,,
MI,Ingham,9.8,,,
MI,Ionia,11.1,,,
MI,Iosco,10.6,,,
MI,Iron,9.9,,,
MI,Isabella,10.8,,,
MI,Jackson,10.7,,,
MI,Kalamazoo,9.0,,,
MI,Kalkaska,10.6,,,
MI,Kent,9.8,,,
MI,Keweenaw,10.0,,,
MI,Lake,12.2,,,
MI,Lapeer,10.7,,,
MI,Leelanau,7.9,,,
MI,Lenawee,10.4,,,
MI,Livingston,8.6,,,
MI,Luce,11.1,,,
MI,Mackinac,10.3,,,
MI,Macomb,9.8,,,
MI,Manistee,9.7,,,
MI,Marquette,8.7,,,
MI,Mason,9.7,,,
MI,Mecosta,10.2,,,
MI,Menominee,10.7,,,
MI,Midland,8.7,,,
MI,Missaukee,10.8,,,
MI,Monroe,10.3,,,
MI,Montcalm,11.3,,,
MI,Montmorency,10.8,,,
MI,Muskegon,12.2,,,
MI,Newaygo,10.6,,,
MI,Oakland,8.7,,,
MI,Oceana,11.1,,,
MI,Ogemaw,10.7,,,
MI,Ontonagon,9.7,,,
MI,Osceola,10.6,,,
MI,Oscoda,11.4,,,
MI,Otsego,9.1,,,
MI,Ottawa,9.0,,,
MI,Presque Isle,10.4,,,
MI,Roscommon,10.8,,,
MI,Saginaw,11.7,,,
MI,St. Clair,10.3,,,
MI,St. Joseph,10.5,,,
MI,Sanilac,10.5,,,
MI,Schoolcraft,10.4,,,
MI,Shiawassee,10.5,,,
MI,Tuscola,10.7,,,
MI,Van Buren,10.6,,,
MI,Washtenaw,8.5,,,
MI,Wayne,13.2,,,
MI,Wexford,9.4,,,
MN,Minnesota*,7.4,,,
MN,Aitkin,9.5,,,
MN,Anoka,8.6,,,
MN,Becker,9.1,,,
MN,Beltrami,9.5,,,
MN,Benton,9.0,,,
MN,Big Stone,8.3,,,
MN,Blue Earth,8.6,,,
MN,Brown,8.6,,,
MN,Carlton,9.4,,,
MN,Carver,6.1,,,
MN,Cass,9.6,,,
MN,Chippewa,9.1,,,
MN,Chisago,9.0,,,
MN,Clay,8.9,,,
MN,Clearwater,9.9,,,
MN,Cook,7.3,,,
MN,Cottonwood,8.5,,,
MN,Crow Wing,8.4,,,
MN,Dakota,7.0,,,
MN,Dodge,8.2,,,
MN,Douglas,8.3,,,
MN,Faribault,9.3,,,
MN,Fillmore,8.8,,,
MN,Freeborn,9.2,,,
MN,Goodhue,8.2,,,
MN,Grant,9.2,,,
MN,Hennepin,6.6,,,
MN,Houston,8.2,,,
MN,Hubbard,8.4,,,
MN,Isanti,8.9,,,
MN,Itasca,8.4,,,
MN,Jackson,9.3,,,
MN,Kanabec,9.7,,,
MN,Kandiyohi,8.3,,,
MN,Kittson,9.0,,,
MN,Koochiching,9.1,,,
MN,Lac qui Parle,8.9,,,
MN,Lake,7.8,,,
MN,Lake of the Woods,8.8,,,
MN,Le Sueur,8.9,,,
MN,Lincoln,8.5,,,
MN,Lyon,8.3,,,
MN,McLeod,8.3,,,
MN,Mahnomen,12.7,,,
MN,Marshall,9.8,,,
MN,Martin,8.4,,,
MN,Meeker,8.8,,,
MN,Mille Lacs,9.5,,,
MN,Morrison,9.1,,,
MN,Mower,8.8,,,
MN,Murray,9.3,,,
MN,Nicollet,7.4,,,
MN,Nobles,9.4,,,
MN,Norman,10.0,,,
MN,Olmsted,6.7,,,
MN,Otter Tail,8.7,,,
MN,Pennington,9.4,,,
MN,Pine,10.3,,,
MN,Pipestone,9.0,,,
MN,Polk,9.5,,,
MN,Pope,8.4,,,
MN,Ramsey,7.7,,,
MN,Red Lake,10.6,,,
MN,Redwood,8.9,,,
MN,Renville,9.3,,,
MN,Rice,8.3,,,
MN,Rock,7.7,,,
MN,Roseau,8.5,,,
MN,St. Louis,8.1,,,
MN,Scott,6.8,,,
MN,Sherburne,8.7,,,
MN,Sibley,9.6,,,
MN,Stearns,8.0,,,
MN,Steele,7.6,,,
MN,Stevens,8.8,,,
MN,Swift,9.4,,,
MN,Todd,8.9,,,
MN,Traverse,10.0,,,
MN,Wabasha,8.1,,,
MN,Wadena,9.2,,,
MN,Waseca,8.4,,,
MN,Washington,7.0,,,
MN,Watonwan,9.0,,,
MN,Wilkin,9.0,,,
MN,Winona,8.5,,,
MN,Wright,8.1,,,
MN,Yellow Medicine,8.8,,,
MS,Mississippi*,13.7,,,
MS,Adams,13.7,,,
MS,Alcorn,11.5,,,
MS,Amite,14.2,,,
MS,Attala,13.2,,,
MS,Benton,14.1,,,
MS,Bolivar,15.3,,,
MS,Calhoun,12.9,,,
MS,Carroll,13.7,,,
MS,Chickasaw,13.9,,,
MS,Choctaw,13.2,,,
MS,Claiborne,17.4,,,
MS,Clarke,13.2,,,
MS,Clay,14.1,,,
MS,Coahoma,15.5,,,
MS,Copiah,14.0,,,
MS,Covington,13.9,,,
MS,DeSoto,10.9,,,
MS,Forrest,12.1,,,
MS,Franklin,12.4,,,
MS,George,12.0,,,
MS,Greene,13.4,,,
MS,Grenada,13.6,,,
MS,Hancock,11.2,,,
MS,Harrison,12.8,,,
MS,Hinds,13.1,,,
MS,Holmes,18.6,,,
MS,Humphreys,16.3,,,
MS,Issaquena,18.9,,,
MS,Itawamba,11.4,,,
MS,Jackson,11.9,,,
MS,Jasper,15.2,,,
MS,Jefferson,18.5,,,
MS,Jefferson Davis,15.6,,,
MS,Jones,12.7,,,
MS,Kemper,15.9,,,
MS,Lafayette,10.5,,,
MS,Lamar,9.6,,,
MS,Lauderdale,12.5,,,
MS,Lawrence,12.7,,,
MS,Leake,14.0,,,
MS,Lee,11.0,,,
MS,Leflore,16.3,,,
MS,Lincoln,12.4,,,
MS,Lowndes,12.3,,,
MS,Madison,9.1,,,
MS,Marion,13.5,,,
MS,Marshall,15.5,,,
MS,Monroe,12.8,,,
MS,Montgomery,13.4,,,
MS,Neshoba,13.2,,,
MS,Newton,13.2,,,
MS,Noxubee,17.3,,,
MS,Oktibbeha,12.0,,,
MS,Panola,14.4,,,
MS,Pearl River,12.2,,,
MS,Perry,13.1,,,
MS,Pike,14.7,,,
MS,Pontotoc,11.3,,,
MS,Prentiss,12.1,,,
MS,Quitman,16.8,,,
MS,Rankin,10.0,,,
MS,Scott,15.0,,,
MS,Sharkey,15.8,,,
MS,Simpson,13.2,,,
MS,Smith,13.0,,,
MS,Stone,12.7,,,
MS,Sunflower,15.7,,,
MS,Tallahatchie,15.7,,,
MS,Tate,12.4,,,
MS,Tippah,12.3,,,
MS,Tishomingo,11.5,,,
MS,Tunica,16.8,,,
MS,Union,11.1,,,
MS,Walthall,14.4,,,
MS,Warren,12.8,,,
MS,Washington,14.3,,,
MS,Wayne,13.8,,,
MS,Webster,11.7,,,
MS,Wilkinson,17.2,,,
MS,Winston,13.3,,,
MS,Yalobusha,14.1,,,
MS,Yazoo,15.3,,,
MO,Missouri*,10.8,,,
MO,Adair,9.5,,,
MO,Andrew,9.5,,,
MO,Atchison,9.1,,,
MO,Audrain,10.8,,,
MO,Barry,9.8,,,
MO,Barton,11.2,,,
MO,Bates,10.6,,,
MO,Benton,11.1,,,
MO,Bollinger,11.4,,,
MO,Boone,8.0,,,
MO,Buchanan,10.1,,,
MO,Butler,11.1,,,
MO,Caldwell,10.3,,,
MO,Callaway,9.9,,,
MO,Camden,9.1,,,
MO,Cape Girardeau,8.7,,,
MO,Carroll,10.5,,,
MO,Carter,11.0,,,
MO,Cass,9.8,,,
MO,Cedar,11.1,,,
MO,Chariton,11.1,,,
MO,Christian,8.2,,,
MO,Clark,10.2,,,
MO,Clay,8.4,,,
MO,Clinton,9.7,,,
MO,Cole,8.8,,,
MO,Cooper,10.8,,,
MO,Crawford,10.9,,,
MO,Dade,10.9,,,
MO,Dallas,10.7,,,
MO,Daviess,10.4,,,
MO,DeKalb,11.4,,,
MO,Dent,10.2,,,
MO,Douglas,10.8,,,
MO,Dunklin,11.3,,,
MO,Franklin,9.6,,,
MO,Gasconade,10.3,,,
MO,Gentry,9.8,,,
MO,Greene,8.8,,,
MO,Grundy,10.2,,,
MO,Harrison,10.4,,,
MO,Henry,10.5,,,
MO,Hickory,11.7,,,
MO,Holt,10.1,,,
MO,Howard,10.2,,,
MO,Howell,10.5,,,
MO,Iron,10.9,,,
MO,Jackson,10.7,,,
MO,Jasper,9.9,,,
MO,Jefferson,10.3,,,
MO,Johnson,9.9,,,
MO,Knox,10.4,,,
MO,Laclede,10.0,,,
MO,Lafayette,10.4,,,
MO,Lawrence,10.0,,,
MO,Lewis,10.7,,,
MO,Lincoln,10.7,,,
MO,Linn,10.4,,,
MO,Livingston,10.4,,,
MO,McDonald,11.3,,,
MO,Macon,9.8,,,
MO,Madison,11.3,,,
MO,Maries,10.6,,,
MO,Marion,9.7,,,
MO,Mercer,10.0,,,
MO,Miller,10.3,,,
MO,Mississippi,12.3,,,
MO,Moniteau,10.8,,,
MO,Monroe,11.2,,,
MO,Montgomery,11.0,,,
MO,Morgan,11.0,,,
MO,New Madrid,12.5,,,
MO,Newton,10.1,,,
MO,Nodaway,9.3,,,
MO,Oregon,11.7,,,
MO,Osage,10.5,,,
MO,Ozark,11.4,,,
MO,Pemiscot,13.5,,,
MO,Perry,10.2,,,
MO,Pettis,10.3,,,
MO,Phelps,9.3,,,
MO,Pike,11.3,,,
MO,Platte,7.6,,,
MO,Polk,10.2,,,
MO,Pulaski,10.1,,,
MO,Putnam,10.7,,,
MO,Ralls,10.1,,,
MO,Randolph,11.4,,,
MO,Ray,10.7,,,
MO,Reynolds,11.6,,,
MO,Ripley,11.9,,,
MO,St. Charles,8.2,,,
MO,St. Clair,11.0,,,
MO,Ste. Genevieve,10.9,,,
MO,St. Francois,11.4,,,
MO,St. Louis,8.2,,,
MO,Saline,10.5,,,
MO,Schuyler,10.7,,,
MO,Scotland,10.3,,,
MO,Scott,10.5,,,
MO,Shannon,11.7,,,
MO,Shelby,10.3,,,
MO,Stoddard,10.8,,,
MO,Stone,9.9,,,
MO,Sullivan,11.5,,,
MO,Taney,9.2,,,
MO,Texas,11.0,,,
MO,Vernon,10.2,,,
MO,Warren,10.4,,,
MO,Washington,12.0,,,
MO,Wayne,11.3,,,
MO,Webster,10.4,,,
MO,Worth,9.7,,,
MO,Wright,10.6,,,
MO,St. Louis,13.5,,,
MT,Montana*,7.9,,,
MT,Beaverhead,8.1,,,
MT,Big Horn,13.7,,,
MT,Blaine,11.5,,,
MT,Broadwater,8.6,,,
MT,Carbon,7.0,,,
MT,Carter,8.9,,,
MT,Cascade,8.6,,,
MT,Chouteau,8.6,,,
MT,Custer,9.2,,,
MT,Daniels,9.8,,,
MT,Dawson,9.1,,,
MT,Deer Lodge,9.1,,,
MT,Fallon,9.3,,,
MT,Fergus,8.3,,,
MT,Flathead,7.2,,,
MT,Gallatin,5.9,,,
MT,Garfield,8.6,,,
MT,Glacier,14.2,,,
MT,Golden Valley,9.2,,,
MT,Granite,7.9,,,
MT,Hill,9.8,,,
MT,Jefferson,7.3,,,
MT,Judith Basin,8.0,,,
MT,Lake,8.3,,,
MT,Lewis and Clark,7.3,,,
MT,Liberty,8.6,,,
MT,Lincoln,8.8,,,
MT,McCone,9.2,,,
MT,Madison,6.7,,,
MT,Meagher,8.1,,,
MT,Mineral,9.8,,,
MT,Missoula,6.8,,,
MT,Musselshell,9.2,,,
MT,Park,7.3,,,
MT,Petroleum,8.9,,,
MT,Phillips,9.2,,,
MT,Pondera,9.3,,,
MT,Powder River,9.0,,,
MT,Powell,9.4,,,
MT,Prairie,7.7,,,
MT,Ravalli,7.4,,,
MT,Richland,9.1,,,
MT,Roosevelt,14.8,,,
MT,Rosebud,10.6,,,
MT,Sanders,8.4,,,
MT,Sheridan,8.4,,,
MT,Silver Bow,8.2,,,
MT,Stillwater,8.3,,,
MT,Sweet Grass,7.1,,,
MT,Teton,7.8,,,
MT,Toole,8.7,,,
MT,Treasure,9.0,,,
MT,Valley,9.9,,,
MT,Wheatland,10.0,,,
MT,Wibaux,9.6,,,
MT,Yellowstone,7.8,,,
NE,Nebraska*,9.3,,,
NE,Adams,8.5,,,
NE,Antelope,9.1,,,
NE,Arthur,9.5,,,
NE,Banner,9.8,,,
NE,Blaine,9.7,,,
NE,Boone,8.3,,,
NE,Box Butte,9.8,,,
NE,Boyd,7.3,,,
NE,Brown,8.7,,,
NE,Buffalo,7.7,,,
NE,Burt,9.1,,,
NE,Butler,8.9,,,
NE,Cass,9.2,,,
NE,Cedar,9.3,,,
NE,Chase,8.0,,,
NE,Cherry,8.4,,,
NE,Cheyenne,8.4,,,
NE,Clay,9.5,,,
NE,Colfax,9.5,,,
NE,Cuming,8.9,,,
NE,Custer,8.5,,,
NE,Dakota,10.6,,,
NE,Dawes,8.7,,,
NE,Dawson,9.6,,,
NE,Deuel,9.3,,,
NE,Dixon,9.5,,,
NE,Dodge,9.3,,,
NE,Douglas,8.8,,,
NE,Dundy,8.8,,,
NE,Fillmore,8.2,,,
NE,Franklin,9.2,,,
NE,Frontier,9.8,,,
NE,Furnas,8.9,,,
NE,Gage,8.9,,,
NE,Garden,9.9,,,
NE,Garfield,9.2,,,
NE,Gosper,9.3,,,
NE,Grant,7.9,,,
NE,Greeley,9.8,,,
NE,Hall,9.1,,,
NE,Hamilton,8.8,,,
NE,Harlan,9.1,,,
NE,Hayes,10.3,,,
NE,Hitchcock,10.0,,,
NE,Holt,8.6,,,
NE,Hooker,6.1,,,
NE,Howard,9.5,,,
NE,Jefferson,8.9,,,
NE,Johnson,9.0,,,
NE,Kearney,8.2,,,
NE,Keith,8.1,,,
NE,Keya Paha,9.3,,,
NE,Kimball,9.8,,,
NE,Knox,9.8,,,
NE,Lancaster,8.3,,,
NE,Lincoln,9.3,,,
NE,Logan,10.3,,,
NE,Loup,10.0,,,
NE,McPherson,7.9,,,
NE,Madison,8.4,,,
NE,Merrick,9.1,,,
NE,Morrill,10.1,,,
NE,Nance,10.3,,,
NE,Nemaha,7.9,,,
NE,Nuckolls,8.8,,,
NE,Otoe,9.0,,,
NE,Pawnee,8.7,,,
NE,Perkins,8.1,,,
NE,Phelps,7.6,,,
NE,Pierce,8.7,,,
NE,Platte,8.5,,,
NE,Polk,9.4,,,
NE,Red Willow,8.6,,,
NE,Richardson,9.8,,,
NE,Rock,10.2,,,
NE,Saline,9.2,,,
NE,Sarpy,8.4,,,
NE,Saunders,9.3,,,
NE,Scotts Bluff,10.1,,,
NE,Seward,8.5,,,
NE,Sheridan,9.0,,,
NE,Sherman,9.8,,,
NE,Sioux,8.9,,,
NE,Stanton,9.4,,,
NE,Thayer,8.5,,,
NE,Thomas,8.8,,,
NE,Thurston,13.4,,,
NE,Valley,9.2,,,
NE,Washington,8.3,,,
NE,Wayne,8.3,,,
NE,Webster,9.1,,,
NE,Wheeler,9.6,,,
NE,York,8.5,,,
NV,Nevada*,10.5,,,
NV,Churchill,8.8,,,
NV,Clark,10.2,,,
NV,Douglas,7.6,,,
NV,Elko,10.0,,,
NV,Esmeralda,10.8,,,
NV,Eureka,9.6,,,
NV,Humboldt,9.8,,,
NV,Lander,10.5,,,
NV,Lincoln,9.5,,,
NV,Lyon,9.2,,,
NV,Mineral,11.1,,,
NV,Nye,10.3,,,
NV,Pershing,11.4,,,
NV,Storey,8.2,,,
NV,Washoe,7.9,,,
NV,White Pine,11.0,,,
NV,Carson City,8.3,,,
NH,New Hampshire*,8.4,,,
NH,Belknap,8.6,,,
NH,Carroll,8.1,,,
NH,Cheshire,8.3,,,
NH,Coos,9.2,,,
NH,Grafton,7.2,,,
NH,Hillsborough,8.4,,,
NH,Merrimack,8.2,,,
NH,Rockingham,8.2,,,
NH,Strafford,9.6,,,
NH,Sullivan,8.5,,,
NJ,New Jersey*,10.2,,,
NJ,Atlantic,11.7,,,
NJ,Bergen,7.9,,,
NJ,Burlington,9.4,,,
NJ,Camden,10.3,,,
NJ,Cape May,9.6,,,
NJ,Cumberland,13.6,,,
NJ,Essex,11.8,,,
NJ,Gloucester,10.4,,,
NJ,Hudson,11.1,,,
NJ,Hunterdon,6.8,,,
NJ,Mercer,9.8,,,
NJ,Middlesex,9.3,,,
NJ,Monmouth,8.3,,,
NJ,Morris,7.5,,,
NJ,Ocean,9.6,,,
NJ,Passaic,10.7,,,
NJ,Salem,11.1,,,
NJ,Somerset,7.4,,,
NJ,Sussex,8.4,,,
NJ,Union,10.0,,,
NJ,Warren,8.8,,,
NM,New Mexico*,9.7,,,
NM,Bernalillo,7.8,,,
NM,Catron,9.4,,,
NM,Chaves,11.0,,,
NM,Cibola,14.3,,,
NM,Colfax,10.1,,,
NM,Curry,10.6,,,
NM,De Baca,9.9,,,
NM,Dona Ana,10.5,,,
NM,Eddy,11.4,,,
NM,Grant,10.0,,,
NM,Guadalupe,13.5,,,
NM,Harding,11.2,,,
NM,Hidalgo,12.9,,,
NM,Lea,11.4,,,
NM,Lincoln,8.4,,,
NM,Los Alamos,5.6,,,
NM,Luna,12.0,,,
NM,McKinley,15.5,,,
NM,Mora,12.7,,,
NM,Otero,11.0,,,
NM,Quay,10.6,,,
NM,Rio Arriba,11.5,,,
NM,Roosevelt,10.3,,,
NM,Sandoval,8.4,,,
NM,San Juan,11.1,,,
NM,San Miguel,11.0,,,
NM,Santa Fe,6.7,,,
NM,Sierra,10.4,,,
NM,Socorro,12.0,,,
NM,Taos,9.5,,,
NM,Torrance,10.1,,,
NM,Union,11.0,,,
NM,Valencia,10.6,,,
NY,New York*,10.3,,,
NY,Albany,8.9,,,
NY,Allegany,10.6,,,
NY,Bronx,14.0,,,
NY,Broome,9.5,,,
NY,Cattaraugus,10.6,,,
NY,Cayuga,10.2,,,
NY,Chautauqua,10.3,,,
NY,Chemung,10.4,,,
NY,Chenango,10.0,,,
NY,Clinton,9.5,,,
NY,Columbia,8.9,,,
NY,Cortland,9.6,,,
NY,Delaware,9.9,,,
NY,Dutchess,8.8,,,
NY,Erie,10.1,,,
NY,Essex,9.3,,,
NY,Franklin,11.2,,,
NY,Fulton,10.1,,,
NY,Genesee,10.3,,,
NY,Greene,10.3,,,
NY,Hamilton,9.8,,,
NY,Herkimer,9.8,,,
NY,Jefferson,10.3,,,
NY,Kings,11.3,,,
NY,Lewis,10.8,,,
NY,Livingston,10.0,,,
NY,Madison,8.8,,,
NY,Monroe,9.2,,,
NY,Montgomery,9.9,,,
NY,Nassau,7.9,,,
NY,New York,8.4,,,
NY,Niagara,10.0,,,
NY,Oneida,10.0,,,
NY,Onondaga,8.7,,,
NY,Ontario,8.9,,,
NY,Orange,10.1,,,
NY,Orleans,10.9,,,
NY,Oswego,10.2,,,
NY,Otsego,9.5,,,
NY,Putnam,7.7,,,
NY,Queens,10.1,,,
NY,Rensselaer,9.4,,,
NY,Richmond,9.6,,,
NY,Rockland,8.8,,,
NY,St. Lawrence,10.8,,,
NY,Saratoga,8.0,,,
NY,Schenectady,9.1,,,
NY,Schoharie,10.1,,,
NY,Schuyler,10.0,,,
NY,Seneca,9.4,,,
NY,Steuben,10.2,,,
NY,Suffolk,8.5,,,
NY,Sullivan,10.9,,,
NY,Tioga,9.2,,,
NY,Tompkins,8.0,,,
NY,Ulster,9.0,,,
NY,Warren,8.7,,,
NY,Washington,10.0,,,
NY,Wayne,9.9,,,
NY,Westchester,8.2,,,
NY,Wyoming,10.6,,,
NY,Yates,9.8,,,
NC,North Carolina*,11.3,,,
NC,Alamance,10.6,,,
NC,Alexander,10.9,,,
NC,Alleghany,9.1,,,
NC,Anson,14.1,,,
NC,Ashe,9.3,,,
NC,Avery,9.9,,,
NC,Beaufort,12.0,,,
NC,Bertie,16.8,,,
NC,Bladen,13.8,,,
NC,Brunswick,10.0,,,
NC,Buncombe,8.5,,,
NC,Burke,10.4,,,
NC,Cabarrus,10.7,,,
NC,Caldwell,10.7,,,
NC,Camden,11.4,,,
NC,Carteret,9.5,,,
NC,Caswell,14.1,,,
NC,Catawba,9.7,,,
NC,Chatham,9.6,,,
NC,Cherokee,10.9,,,
NC,Chowan,11.5,,,
NC,Clay,9.6,,,
NC,Cleveland,12.3,,,
NC,Columbus,13.1,,,
NC,Craven,11.2,,,
NC,Cumberland,13.2,,,
NC,Currituck,10.5,,,
NC,Dare,7.5,,,
NC,Davidson,11.3,,,
NC,Davie,9.9,,,
NC,Duplin,12.8,,,
NC,Durham,9.8,,,
NC,Edgecombe,16.1,,,
NC,Forsyth,9.4,,,
NC,Franklin,12.4,,,
NC,Gaston,11.7,,,
NC,Gates,14.3,,,
NC,Graham,11.4,,,
NC,Granville,12.5,,,
NC,Greene,15.6,,,
NC,Guilford,10.1,,,
NC,Halifax,15.1,,,
NC,Harnett,12.5,,,
NC,Haywood,9.7,,,
NC,Henderson,8.4,,,
NC,Hertford,16.5,,,
NC,Hoke,15.4,,,
NC,Hyde,14.3,,,
NC,Iredell,10.5,,,
NC,Jackson,10.3,,,
NC,Johnston,11.2,,,
NC,Jones,13.8,,,
NC,Lee,10.5,,,
NC,Lenoir,13.5,,,
NC,Lincoln,10.8,,,
NC,McDowell,11.2,,,
NC,Macon,9.2,,,
NC,Madison,9.9,,,
NC,Martin,13.9,,,
NC,Mecklenburg,8.9,,,
NC,Mitchell,10.4,,,
NC,Montgomery,12.2,,,
NC,Moore,9.0,,,
NC,Nash,12.1,,,
NC,New Hanover,8.6,,,
NC,Northampton,15.8,,,
NC,Onslow,12.0,,,
NC,Orange,7.9,,,
NC,Pamlico,11.6,,,
NC,Pasquotank,12.9,,,
NC,Pender,11.3,,,
NC,Perquimans,12.4,,,
NC,Person,12.6,,,
NC,Pitt,11.8,,,
NC,Polk,8.8,,,
NC,Randolph,10.2,,,
NC,Richmond,13.0,,,
NC,Robeson,16.0,,,
NC,Rockingham,12.2,,,
NC,Rowan,12.1,,,
NC,Rutherford,10.8,,,
NC,Sampson,13.3,,,
NC,Scotland,14.0,,,
NC,Stanly,11.4,,,
NC,Stokes,11.3,,,
NC,Surry,10.8,,,
NC,Swain,11.8,,,
NC,Transylvania,8.7,,,
NC,Tyrrell,14.1,,,
NC,Union,9.5,,,
NC,Vance,13.8,,,
NC,Wake,8.4,,,
NC,Warren,15.8,,,
NC,Washington,14.3,,,
NC,Watauga,8.6,,,
NC,Wayne,12.6,,,
NC,Wilkes,10.8,,,
NC,Wilson,13.5,,,
NC,Yadkin,10.9,,,
NC,Yancey,10.0,,,
ND,North Dakota*,9.4,,,
ND,Adams,5.0,,,
ND,Barnes,8.1,,,
ND,Benson,13.8,,,
ND,Billings,8.4,,,
ND,Bottineau,9.2,,,
ND,Bowman,7.9,,,
ND,Burke,9.8,,,
ND,Burleigh,7.3,,,
ND,Cass,7.7,,,
ND,Cavalier,8.7,,,
ND,Dickey,8.8,,,
ND,Divide,8.8,,,
ND,Dunn,9.9,,,
ND,Eddy,8.7,,,
ND,Emmons,9.8,,,
ND,Foster,6.9,,,
ND,Golden Valley,7.6,,,
ND,Grand Forks,8.3,,,
ND,Grant,8.5,,,
ND,Griggs,7.9,,,
ND,Hettinger,9.3,,,
ND,Kidder,9.9,,,
ND,LaMoure,9.5,,,
ND,Logan,9.7,,,
ND,McHenry,9.8,,,
ND,McIntosh,9.3,,,
ND,McKenzie,10.5,,,
ND,McLean,9.7,,,
ND,Mercer,8.5,,,
ND,Morton,8.5,,,
ND,Mountrail,10.3,,,
ND,Nelson,8.4,,,
ND,Oliver,9.7,,,
ND,Pembina,9.0,,,
ND,Pierce,7.7,,,
ND,Ramsey,8.7,,,
ND,Ransom,8.1,,,
ND,Renville,8.6,,,
ND,Richland,8.7,,,
ND,Rolette,15.8,,,
ND,Sargent,9.3,,,
ND,Sheridan,10.2,,,
ND,Sioux,17.2,,,
ND,Slope,9.2,,,
ND,Stark,7.8,,,
ND,Steele,8.4,,,
ND,Stutsman,8.2,,,
ND,Towner,8.7,,,
ND,Traill,8.1,,,
ND,Walsh,8.9,,,
ND,Ward,8.4,,,
ND,Wells,9.1,,,
ND,Williams,9.0,,,
OH,Ohio*,11.7,,,
OH,Adams,11.5,,,
OH,Allen,10.7,,,
OH,Ashland,9.7,,,
OH,Ashtabula,11.0,,,
OH,Athens,11.2,,,
OH,Auglaize,9.7,,,
OH,Belmont,11.0,,,
OH,Brown,10.8,,,
OH,Butler,10.2,,,
OH,Carroll,10.9,,,
OH,Champaign,10.6,,,
OH,Clark,11.4,,,
OH,Clermont,9.3,,,
OH,Clinton,9.9,,,
OH,Columbiana,11.0,,,
OH,Coshocton,11.1,,,
OH,Crawford,10.7,,,
OH,Cuyahoga,10.7,,,
OH,Darke,10.3,,,
OH,Defiance,9.9,,,
OH,Delaware,7.1,,,
OH,Erie,10.6,,,
OH,Fairfield,9.7,,,
OH,Fayette,10.9,,,
OH,Franklin,10.1,,,
OH,Fulton,10.1,,,
OH,Gallia,11.9,,,
OH,Geauga,8.2,,,
OH,Greene,9.1,,,
OH,Guernsey,11.2,,,
OH,Hamilton,10.3,,,
OH,Hancock,8.9,,,
OH,Hardin,10.8,,,
OH,Harrison,11.2,,,
OH,Henry,10.2,,,
OH,Highland,10.9,,,
OH,Hocking,11.1,,,
OH,Holmes,10.5,,,
OH,Huron,10.1,,,
OH,Jackson,11.1,,,
OH,Jefferson,11.5,,,
OH,Knox,9.8,,,
OH,Lake,9.0,,,
OH,Lawrence,12.4,,,
OH,Licking,10.4,,,
OH,Logan,10.7,,,
OH,Lorain,10.5,,,
OH,Lucas,11.1,,,
OH,Madison,10.8,,,
OH,Mahoning,10.9,,,
OH,Marion,11.4,,,
OH,Medina,8.3,,,
OH,Meigs,11.7,,,
OH,Mercer,10.0,,,
OH,Miami,9.9,,,
OH,Monroe,11.3,,,
OH,Montgomery,11.3,,,
OH,Morgan,12.1,,,
OH,Morrow,10.8,,,
OH,Muskingum,10.9,,,
OH,Noble,11.8,,,
OH,Ottawa,9.8,,,
OH,Paulding,11.1,,,
OH,Perry,11.7,,,
OH,Pickaway,11.4,,,
OH,Pike,11.5,,,
OH,Portage,9.8,,,
OH,Preble,11.1,,,
OH,Putnam,9.7,,,
OH,Richland,10.8,,,
OH,Ross,11.1,,,
OH,Sandusky,10.3,,,
OH,Scioto,11.4,,,
OH,Seneca,10.2,,,
OH,Shelby,10.0,,,
OH,Stark,10.5,,,
OH,Summit,10.6,,,
OH,Trumbull,10.5,,,
OH,Tuscarawas,10.5,,,
OH,Union,9.6,,,
OH,Van Wert,9.7,,,
OH,Vinton,11.9,,,
OH,Warren,8.8,,,
OH,Washington,10.6,,,
OH,Wayne,9.9,,,
OH,Williams,10.0,,,
OH,Wood,8.9,,,
OH,Wyandot,10.1,,,
OK,Oklahoma*,12.2,,,
OK,Adair,14.1,,,
OK,Alfalfa,10.8,,,
OK,Atoka,12.7,,,
OK,Beaver,9.0,,,
OK,Beckham,10.3,,,
OK,Blaine,11.3,,,
OK,Bryan,10.9,,,
OK,Caddo,12.3,,,
OK,Canadian,9.2,,,
OK,Carter,10.7,,,
OK,Cherokee,12.7,,,
OK,Choctaw,12.8,,,
OK,Cimarron,8.8,,,
OK,Cleveland,9.1,,,
OK,Coal,12.6,,,
OK,Comanche,11.8,,,
OK,Cotton,10.6,,,
OK,Craig,12.1,,,
OK,Creek,11.1,,,
OK,Custer,10.1,,,
OK,Delaware,11.6,,,
OK,Dewey,9.3,,,
OK,Ellis,7.8,,,
OK,Garfield,9.5,,,
OK,Garvin,10.9,,,
OK,Grady,10.4,,,
OK,Grant,10.2,,,
OK,Greer,11.7,,,
OK,Harmon,12.1,,,
OK,Harper,8.4,,,
OK,Haskell,11.1,,,
OK,Hughes,12.6,,,
OK,Jackson,11.2,,,
OK,Jefferson,11.1,,,
OK,Johnston,11.7,,,
OK,Kay,10.4,,,
OK,Kingfisher,9.7,,,
OK,Kiowa,11.2,,,
OK,Latimer,11.5,,,
OK,Le Flore,11.8,,,
OK,Lincoln,11.2,,,
OK,Logan,10.5,,,
OK,Love,11.1,,,
OK,McClain,9.5,,,
OK,McCurtain,12.3,,,
OK,McIntosh,11.7,,,
OK,Major,9.5,,,
OK,Marshall,10.8,,,
OK,Mayes,11.8,,,
OK,Murray,10.7,,,
OK,Muskogee,11.7,,,
OK,Noble,10.2,,,
OK,Nowata,12.0,,,
OK,Okfuskee,12.9,,,
OK,Oklahoma,10.1,,,
OK,Okmulgee,12.5,,,
OK,Osage,12.2,,,
OK,Ottawa,11.8,,,
OK,Pawnee,11.7,,,
OK,Payne,9.4,,,
OK,Pittsburg,11.0,,,
OK,Pontotoc,10.4,,,
OK,Pottawatomie,11.3,,,
OK,Pushmataha,11.4,,,
OK,Roger Mills,10.3,,,
OK,Rogers,10.7,,,
OK,Seminole,12.2,,,
OK,Sequoyah,12.3,,,
OK,Stephens,9.8,,,
OK,Texas,9.3,,,
OK,Tillman,12.8,,,
OK,Tulsa,9.9,,,
OK,Wagoner,11.0,,,
OK,Washington,9.7,,,
OK,Washita,10.6,,,
OK,Woods,8.7,,,
OK,Woodward,9.7,,,
OR,Oregon*,8.2,,,
OR,Baker,8.9,,,
OR,Benton,7.2,,,
OR,Clackamas,7.7,,,
OR,Clatsop,8.9,,,
OR,Columbia,9.9,,,
OR,Coos,9.8,,,
OR,Crook,9.6,,,
OR,Curry,9.4,,,
OR,Deschutes,7.5,,,
OR,Douglas,9.8,,,
OR,Gilliam,9.9,,,
OR,Grant,8.8,,,
OR,Harney,9.5,,,
OR,Hood River,7.1,,,
OR,Jackson,8.3,,,
OR,Jefferson,10.9,,,
OR,Josephine,9.4,,,
OR,Klamath,9.3,,,
OR,Lake,8.6,,,
OR,Lane,8.0,,,
OR,Lincoln,9.0,,,
OR,Linn,9.7,,,
OR,Malheur,10.6,,,
OR,Marion,9.3,,,
OR,Morrow,10.8,,,
OR,Multnomah,8.7,,,
OR,Polk,8.5,,,
OR,Sherman,8.3,,,
OR,Tillamook,8.6,,,
OR,Umatilla,10.3,,,
OR,Union,8.9,,,
OR,Wallowa,8.1,,,
OR,Wasco,9.5,,,
OR,Washington,7.5,,,
OR,Wheeler,10.0,,,
OR,Yamhill,9.0,,,
PA,Pennsylvania*,10.8,,,
PA,Adams,9.4,,,
PA,Allegheny,9.5,,,
PA,Armstrong,11.3,,,
PA,Beaver,10.1,,,
PA,Bedford,10.8,,,
PA,Berks,9.5,,,
PA,Blair,10.2,,,
PA,Bradford,9.8,,,
PA,Bucks,8.2,,,
PA,Butler,8.8,,,
PA,Cambria,10.0,,,
PA,Cameron,10.4,,,
PA,Carbon,10.4,,,
PA,Centre,8.7,,,
PA,Chester,7.2,,,
PA,Clarion,10.2,,,
PA,Clearfield,10.8,,,
PA,Clinton,9.9,,,
PA,Columbia,9.7,,,
PA,Crawford,10.1,,,
PA,Cumberland,8.3,,,
PA,Dauphin,10.0,,,
PA,Delaware,8.9,,,
PA,Elk,9.8,,,
PA,Erie,9.7,,,
PA,Fayette,12.1,,,
PA,Forest,11.9,,,
PA,Franklin,9.5,,,
PA,Fulton,11.2,,,
PA,Greene,11.4,,,
PA,Huntingdon,10.6,,,
PA,Indiana,10.6,,,
PA,Jefferson,10.1,,,
PA,Juniata,10.1,,,
PA,Lackawanna,9.5,,,
PA,Lancaster,8.9,,,
PA,Lawrence,10.1,,,
PA,Lebanon,9.5,,,
PA,Lehigh,8.8,,,
PA,Luzerne,9.7,,,
PA,Lycoming,9.8,,,
PA,McKean,10.3,,,
PA,Mercer,9.9,,,
PA,Mifflin,10.3,,,
PA,Monroe,9.6,,,
PA,Montgomery,7.4,,,
PA,Montour,8.9,,,
PA,Northampton,9.3,,,
PA,Northumberland,10.2,,,
PA,Perry,10.2,,,
PA,Philadelphia,12.3,,,
PA,Pike,9.7,,,
PA,Potter,10.7,,,
PA,Schuylkill,10.4,,,
PA,Snyder,9.8,,,
PA,Somerset,10.6,,,
PA,Sullivan,10.6,,,
PA,Susquehanna,10.4,,,
PA,Tioga,10.0,,,
PA,Union,10.0,,,
PA,Venango,10.1,,,
PA,Warren,9.9,,,
PA,Washington,9.6,,,
PA,Wayne,10.1,,,
PA,Westmoreland,9.3,,,
PA,Wyoming,9.5,,,
PA,York,9.2,,,
RI,Rhode Island*,8.9,,,
RI,Bristol,8.0,,,
RI,Kent,8.4,,,
RI,Newport,8.0,,,
RI,Providence,10.0,,,
RI,Washington,7.3,,,
SC,South Carolina*,12.3,,,
SC,Abbeville,13.5,,,
SC,Aiken,11.4,,,
SC,Allendale,16.7,,,
SC,Anderson,11.6,,,
SC,Bamberg,15.1,,,
SC,Barnwell,14.0,,,
SC,Beaufort,8.5,,,
SC,Berkeley,12.8,,,
SC,Calhoun,13.9,,,
SC,Charleston,10.3,,,
SC,Cherokee,12.5,,,
SC,Chester,14.3,,,
SC,Chesterfield,13.1,,,
SC,Clarendon,14.7,,,
SC,Colleton,14.3,,,
SC,Darlington,13.2,,,
SC,Dillon,14.9,,,
SC,Dorchester,11.3,,,
SC,Edgefield,13.0,,,
SC,Fairfield,15.5,,,
SC,Florence,12.5,,,
SC,Georgetown,11.3,,,
SC,Greenville,9.7,,,
SC,Greenwood,11.0,,,
SC,Hampton,15.2,,,
SC,Horry,9.9,,,
SC,Jasper,15.8,,,
SC,Kershaw,12.4,,,
SC,Lancaster,13.2,,,
SC,Laurens,13.1,,,
SC,Lee,17.2,,,
SC,Lexington,9.2,,,
SC,McCormick,13.5,,,
SC,Marion,15.2,,,
SC,Marlboro,16.0,,,
SC,Newberry,12.0,,,
SC,Oconee,10.2,,,
SC,Orangeburg,15.1,,,
SC,Pickens,10.5,,,
SC,Richland,11.4,,,
SC,Saluda,12.3,,,
SC,Spartanburg,11.0,,,
SC,Sumter,14.3,,,
SC,Union,13.6,,,
SC,Williamsburg,17.0,,,
SC,York,10.6,,,
SD,South Dakota*,8.3,,,
SD,Aurora,9.7,,,
SD,Beadle,8.6,,,
SD,Bennett,14.9,,,
SD,Bon Homme,9.3,,,
SD,Brookings,7.9,,,
SD,Brown,8.1,,,
SD,Brule,7.9,,,
SD,Buffalo,20.7,,,
SD,Butte,9.4,,,
SD,Campbell,9.1,,,
SD,Charles Mix,11.8,,,
SD,Clark,9.8,,,
SD,Clay,8.1,,,
SD,Codington,8.0,,,
SD,Corson,15.9,,,
SD,Custer,7.2,,,
SD,Davison,8.3,,,
SD,Day,8.3,,,
SD,Deuel,8.7,,,
SD,Dewey,16.3,,,
SD,Douglas,9.6,,,
SD,Edmunds,9.1,,,
SD,Fall River,9.4,,,
SD,Faulk,9.7,,,
SD,Grant,8.9,,,
SD,Gregory,8.8,,,
SD,Haakon,8.9,,,
SD,Hamlin,9.3,,,
SD,Hand,7.9,,,
SD,Hanson,9.5,,,
SD,Harding,8.5,,,
SD,Hughes,7.7,,,
SD,Hutchinson,8.2,,,
SD,Hyde,10.1,,,
SD,Jackson,13.3,,,
SD,Jerauld,8.9,,,
SD,Jones,9.3,,,
SD,Kingsbury,8.2,,,
SD,Lake,8.3,,,
SD,Lawrence,7.6,,,
SD,Lincoln,7.0,,,
SD,Lyman,12.2,,,
SD,McCook,8.6,,,
SD,McPherson,9.2,,,
SD,Marshall,9.1,,,
SD,Meade,8.3,,,
SD,Mellette,13.7,,,
SD,Miner,9.7,,,
SD,Minnehaha,7.9,,,
SD,Moody,10.0,,,
SD,Pennington,8.0,,,
SD,Perkins,9.6,,,
SD,Potter,8.5,,,
SD,Roberts,11.0,,,
SD,Sanborn,9.5,,,
SD,Shannon,21.8,,,
SD,Spink,9.6,,,
SD,Stanley,9.1,,,
SD,Sully,9.5,,,
SD,Todd,19.4,,,
SD,Tripp,8.9,,,
SD,Turner,9.0,,,
SD,Union,7.9,,,
SD,Walworth,9.1,,,
SD,Yankton,8.6,,,
SD,Ziebach,18.7,,,
TN,Tennessee*,11.6,,,
TN,Anderson,10.4,,,
TN,Bedford,11.4,,,
TN,Benton,11.8,,,
TN,Bledsoe,11.9,,,
TN,Blount,10.4,,,
TN,Bradley,10.9,,,
TN,Campbell,12.3,,,
TN,Cannon,11.0,,,
TN,Carroll,11.1,,,
TN,Carter,11.6,,,
TN,Cheatham,9.9,,,
TN,Chester,11.5,,,
TN,Claiborne,11.6,,,
TN,Clay,11.5,,,
TN,Cocke,12.3,,,
TN,Coffee,9.8,,,
TN,Crockett,12.0,,,
TN,Cumberland,10.1,,,
TN,Davidson,10.4,,,
TN,Decatur,10.9,,,
TN,DeKalb,10.4,,,
TN,Dickson,10.3,,,
TN,Dyer,11.2,,,
TN,Fayette,12.9,,,
TN,Fentress,11.5,,,
TN,Franklin,10.3,,,
TN,Gibson,11.6,,,
TN,Giles,11.6,,,
TN,Grainger,12.1,,,
TN,Greene,10.9,,,
TN,Grundy,11.8,,,
TN,Hamblen,10.8,,,
TN,Hamilton,10.3,,,
TN,Hancock,12.5,,,
TN,Hardeman,15.0,,,
TN,Hardin,11.4,,,
TN,Hawkins,12.0,,,
TN,Haywood,15.0,,,
TN,Henderson,11.1,,,
TN,Henry,11.0,,,
TN,Hickman,11.8,,,
TN,Houston,10.8,,,
TN,Humphreys,11.0,,,
TN,Jackson,11.4,,,
TN,Jefferson,11.2,,,
TN,Johnson,11.5,,,
TN,Knox,9.7,,,
TN,Lake,15.4,,,
TN,Lauderdale,14.2,,,
TN,Lawrence,11.2,,,
TN,Lewis,11.1,,,
TN,Lincoln,10.3,,,
TN,Loudon,10.4,,,
TN,McMinn,11.1,,,
TN,McNairy,11.6,,,
TN,Macon,11.9,,,
TN,Madison,11.1,,,
TN,Marion,11.2,,,
TN,Marshall,11.2,,,
TN,Maury,11.0,,,
TN,Meigs,12.0,,,
TN,Monroe,11.4,,,
TN,Montgomery,11.1,,,
TN,Moore,10.8,,,
TN,Morgan,12.1,,,
TN,Obion,10.9,,,
TN,Overton,10.8,,,
TN,Perry,11.5,,,
TN,Pickett,11.4,,,
TN,Polk,11.6,,,
TN,Putnam,9.9,,,
TN,Rhea,11.1,,,
TN,Roane,10.8,,,
TN,Robertson,11.0,,,
TN,Rutherford,9.7,,,
TN,Scott,12.0,,,
TN,Sequatchie,10.5,,,
TN,Sevier,10.7,,,
TN,Shelby,12.1,,,
TN,Smith,10.5,,,
TN,Stewart,10.9,,,
TN,Sullivan,10.7,,,
TN,Sumner,9.8,,,
TN,Tipton,12.1,,,
TN,Trousdale,11.9,,,
TN,Unicoi,11.1,,,
TN,Union,12.8,,,
TN,Van Buren,11.1,,,
TN,Warren,10.9,,,
TN,Washington,10.0,,,
TN,Wayne,11.6,,,
TN,Weakley,10.8,,,
TN,White,11.2,,,
TN,Williamson,6.5,,,
TN,Wilson,9.6,,,
TX,Texas*,12.0,,,
TX,Anderson,12.4,,,
TX,Andrews,10.9,,,
TX,Angelina,11.1,,,
TX,Aransas,10.6,,,
TX,Archer,9.4,,,
TX,Armstrong,8.6,,,
TX,Atascosa,12.9,,,
TX,Austin,10.2,,,
TX,Bailey,10.7,,,
TX,Bandera,10.0,,,
TX,Bastrop,10.9,,,
TX,Baylor,11.1,,,
TX,Bee,13.1,,,
TX,Bell,11.1,,,
TX,Bexar,12.6,,,
TX,Blanco,8.8,,,
TX,Borden,8.6,,,
TX,Bosque,10.2,,,
TX,Bowie,11.1,,,
TX,Brazoria,10.3,,,
TX,Brazos,10.4,,,
TX,Brewster,9.4,,,
TX,Briscoe,9.9,,,
TX,Brooks,16.5,,,
TX,Brown,10.4,,,
TX,Burleson,11.5,,,
TX,Burnet,9.6,,,
TX,Caldwell,12.0,,,
TX,Calhoun,11.6,,,
TX,Callahan,10.3,,,
TX,Cameron,15.6,,,
TX,Camp,11.1,,,
TX,Carson,9.8,,,
TX,Cass,11.6,,,
TX,Castro,11.5,,,
TX,Chambers,11.7,,,
TX,Cherokee,11.5,,,
TX,Childress,11.0,,,
TX,Clay,9.6,,,
TX,Cochran,12.3,,,
TX,Coke,10.0,,,
TX,Coleman,10.8,,,
TX,Collin,6.7,,,
TX,Collingsworth,11.1,,,
TX,Colorado,10.5,,,
TX,Comal,9.1,,,
TX,Comanche,10.2,,,
TX,Concho,11.4,,,
TX,Cooke,10.5,,,
TX,Coryell,12.1,,,
TX,Cottle,10.7,,,
TX,Crane,11.7,,,
TX,Crockett,12.6,,,
TX,Crosby,12.3,,,
TX,Culberson,12.7,,,
TX,Dallam,10.3,,,
TX,Dallas,11.1,,,
TX,Dawson,12.5,,,
TX,Deaf Smith,11.7,,,
TX,Delta,11.1,,,
TX,Denton,8.2,,,
TX,DeWitt,11.9,,,
TX,Dickens,12.2,,,
TX,Dimmit,14.7,,,
TX,Donley,9.9,,,
TX,Duval,15.3,,,
TX,Eastland,10.0,,,
TX,Ector,11.5,,,
TX,Edwards,10.6,,,
TX,Ellis,10.3,,,
TX,El Paso,13.2,,,
TX,Erath,8.9,,,
TX,Falls,14.2,,,
TX,Fannin,11.0,,,
TX,Fayette,10.1,,,
TX,Fisher,11.1,,,
TX,Floyd,10.5,,,
TX,Foard,11.3,,,
TX,Fort Bend,9.1,,,
TX,Franklin,9.4,,,
TX,Freestone,11.6,,,
TX,Frio,13.9,,,
TX,Gaines,11.4,,,
TX,Galveston,10.6,,,
TX,Garza,11.8,,,
TX,Gillespie,7.8,,,
TX,Glasscock,9.4,,,
TX,Goliad,12.1,,,
TX,Gonzales,11.6,,,
TX,Gray,10.5,,,
TX,Grayson,10.0,,,
TX,Gregg,10.6,,,
TX,Grimes,12.8,,,
TX,Guadalupe,11.0,,,
TX,Hale,11.6,,,
TX,Hall,11.6,,,
TX,Hamilton,9.0,,,
TX,Hansford,9.1,,,
TX,Hardeman,11.2,,,
TX,Hardin,10.8,,,
TX,Harris,10.9,,,
TX,Harrison,11.8,,,
TX,Hartley,10.1,,,
TX,Haskell,10.8,,,
TX,Hays,9.6,,,
TX,Hemphill,7.6,,,
TX,Henderson,10.3,,,
TX,Hidalgo,15.0,,,
TX,Hill,10.6,,,
TX,Hockley,11.1,,,
TX,Hood,9.2,,,
TX,Hopkins,10.4,,,
TX,Houston,12.6,,,
TX,Howard,11.9,,,
TX,Hudspeth,14.3,,,
TX,Hunt,10.3,,,
TX,Hutchinson,10.5,,,
TX,Irion,9.2,,,
TX,Jack,10.4,,,
TX,Jackson,11.6,,,
TX,Jasper,11.8,,,
TX,Jeff Davis,8.1,,,
TX,Jefferson,12.8,,,
TX,Jim Hogg,14.3,,,
TX,Jim Wells,13.8,,,
TX,Johnson,10.5,,,
TX,Jones,12.5,,,
TX,Karnes,13.4,,,
TX,Kaufman,10.9,,,
TX,Kendall,7.9,,,
TX,Kenedy,12.8,,,
TX,Kent,10.4,,,
TX,Kerr,8.8,,,
TX,Kimble,9.6,,,
TX,King,8.1,,,
TX,Kinney,11.6,,,
TX,Kleberg,12.5,,,
TX,Knox,11.5,,,
TX,Lamar,10.9,,,
TX,Lamb,11.6,,,
TX,Lampasas,9.6,,,
TX,La Salle,15.2,,,
TX,Lavaca,10.4,,,
TX,Lee,11.3,,,
TX,Leon,11.2,,,
TX,Liberty,12.6,,,
TX,Limestone,12.3,,,
TX,Lipscomb,9.4,,,
TX,Live Oak,11.9,,,
TX,Llano,7.8,,,
TX,Loving,11.0,,,
TX,Lubbock,10.0,,,
TX,Lynn,11.4,,,
TX,McCulloch,10.8,,,
TX,McLennan,11.1,,,
TX,McMullen,10.6,,,
TX,Madison,12.0,,,
TX,Marion,13.6,,,
TX,Martin,10.7,,,
TX,Mason,9.6,,,
TX,Matagorda,11.9,,,
TX,Maverick,16.2,,,
TX,Medina,12.0,,,
TX,Menard,10.3,,,
TX,Midland,9.5,,,
TX,Milam,11.8,,,
TX,Mills,9.5,,,
TX,Mitchell,12.8,,,
TX,Montague,10.1,,,
TX,Montgomery,9.0,,,
TX,Moore,10.6,,,
TX,Morris,12.6,,,
TX,Motley,10.4,,,
TX,Nacogdoches,10.7,,,
TX,Navarro,11.8,,,
TX,Newton,13.3,,,
TX,Nolan,11.4,,,
TX,Nueces,12.1,,,
TX,Ochiltree,9.2,,,
TX,Oldham,9.9,,,
TX,Orange,11.1,,,
TX,Palo Pinto,10.6,,,
TX,Panola,11.1,,,
TX,Parker,9.9,,,
TX,Parmer,10.0,,,
TX,Pecos,12.8,,,
TX,Polk,11.6,,,
TX,Potter,11.8,,,
TX,Presidio,13.3,,,
TX,Rains,10.8,,,
TX,Randall,8.4,,,
TX,Reagan,11.4,,,
TX,Real,10.2,,,
TX,Red River,12.5,,,
TX,Reeves,15.4,,,
TX,Refugio,12.1,,,
TX,Roberts,7.9,,,
TX,Robertson,12.9,,,
TX,Rockwall,8.0,,,
TX,Runnels,10.2,,,
TX,Rusk,11.4,,,
TX,Sabine,11.3,,,
TX,San Augustine,12.6,,,
TX,San Jacinto,12.2,,,
TX,San Patricio,12.4,,,
TX,San Saba,10.6,,,
TX,Schleicher,9.1,,,
TX,Scurry,10.8,,,
TX,Shackelford,8.0,,,
TX,Shelby,11.6,,,
TX,Sherman,8.4,,,
TX,Smith,9.6,,,
TX,Somervell,8.7,,,
TX,Starr,16.9,,,
TX,Stephens,10.2,,,
TX,Sterling,10.2,,,
TX,Stonewall,10.8,,,
TX,Sutton,11.6,,,
TX,Swisher,10.6,,,
TX,Tarrant,10.2,,,
TX,Taylor,9.8,,,
TX,Terrell,11.4,,,
TX,Terry,11.9,,,
TX,Throckmorton,8.4,,,
TX,Titus,11.1,,,
TX,Tom Green,10.2,,,
TX,Travis,8.8,,,
TX,Trinity,11.9,,,
TX,Tyler,11.6,,,
TX,Upshur,11.4,,,
TX,Upton,11.9,,,
TX,Uvalde,12.0,,,
TX,Val Verde,13.9,,,
TX,Van Zandt,10.5,,,
TX,Victoria,11.1,,,
TX,Walker,12.3,,,
TX,Waller,12.8,,,
TX,Ward,11.7,,,
TX,Washington,10.5,,,
TX,Webb,15.5,,,
TX,Wharton,11.7,,,
TX,Wheeler,9.0,,,
TX,Wichita,10.3,,,
TX,Wilbarger,10.4,,,
TX,Willacy,17.3,,,
TX,Williamson,8.2,,,
TX,Wilson,11.7,,,
TX,Winkler,11.9,,,
TX,Wise,10.6,,,
TX,Wood,10.2,,,
TX,Yoakum,11.4,,,
TX,Young,9.6,,,
TX,Zapata,15.2,,,
TX,Zavala,16.7,,,
UT,Utah*,8.0,,,
UT,Beaver,9.2,,,
UT,Box Elder,8.8,,,
UT,Cache,8.5,,,
UT,Carbon,10.3,,,
UT,Daggett,9.5,,,
UT,Davis,8.2,,,
UT,Duchesne,10.1,,,
UT,Emery,10.0,,,
UT,Garfield,8.8,,,
UT,Grand,7.9,,,
UT,Iron,9.3,,,
UT,Juab,10.1,,,
UT,Kane,7.8,,,
UT,Millard,8.4,,,
UT,Morgan,7.9,,,
UT,Piute,9.8,,,
UT,Rich,8.2,,,
UT,Salt Lake,8.5,,,
UT,San Juan,14.3,,,
UT,Sanpete,9.3,,,
UT,Sevier,9.3,,,
UT,Summit,5.3,,,
UT,Tooele,10.6,,,
UT,Uintah,10.5,,,
UT,Utah,8.8,,,
UT,Wasatch,7.1,,,
UT,Washington,8.4,,,
UT,Wayne,8.5,,,
UT,Weber,9.5,,,
VT,Vermont*,7.8,,,
VT,Addison,7.2,,,
VT,Bennington,7.8,,,
VT,Caledonia,8.0,,,
VT,Chittenden,6.3,,,
VT,Essex,9.3,,,
VT,Franklin,8.9,,,
VT,Grand Isle,7.8,,,
VT,Lamoille,6.8,,,
VT,Orange,7.7,,,
VT,Orleans,8.7,,,
VT,Rutland,7.8,,,
VT,Washington,7.9,,,
VT,Windham,6.9,,,
VT,Windsor,6.9,,,
VA,Virginia*,9.7,,,
VA,Accomack,12.5,,,
VA,Albemarle,6.6,,,
VA,Alleghany,10.4,,,
VA,Amelia,13.0,,,
VA,Amherst,11.9,,,
VA,Appomattox,11.9,,,
VA,Arlington,6.6,,,
VA,Augusta,8.9,,,
VA,Bath,10.5,,,
VA,Bedford,9.3,,,
VA,Bland,11.7,,,
VA,Botetourt,9.2,,,
VA,Brunswick,15.4,,,
VA,Buchanan,13.0,,,
VA,Buckingham,14.4,,,
VA,Campbell,11.0,,,
VA,Caroline,12.8,,,
VA,Carroll,10.8,,,
VA,Charles City,15.8,,,
VA,Charlotte,13.0,,,
VA,Chesterfield,8.3,,,
VA,Clarke,9.2,,,
VA,Craig,10.8,,,
VA,Culpeper,10.8,,,
VA,Cumberland,12.7,,,
VA,Dickenson,12.4,,,
VA,Dinwiddie,13.3,,,
VA,Essex,12.1,,,
VA,Fairfax County,6.4,,,
VA,Fauquier,9.0,,,
VA,Floyd,10.5,,,
VA,Fluvanna,9.6,,,
VA,Franklin,10.2,,,
VA,Frederick,9.7,,,
VA,Giles,10.6,,,
VA,Gloucester,10.2,,,
VA,Goochland,9.4,,,
VA,Grayson,11.2,,,
VA,Greene,9.2,,,
VA,Greensville,15.2,,,
VA,Halifax,13.9,,,
VA,Hanover,8.4,,,
VA,Henrico,8.6,,,
VA,Henry,12.4,,,
VA,Highland,9.0,,,
VA,Isle of Wight,11.0,,,
VA,James City,7.0,,,
VA,King and Queen,13.2,,,
VA,King George,10.0,,,
VA,King William,11.0,,,
VA,Lancaster,9.1,,,
VA,Lee,12.0,,,
VA,Loudoun,6.7,,,
VA,Louisa,11.3,,,
VA,Lunenburg,13.6,,,
VA,Madison,9.9,,,
VA,Mathews,9.9,,,
VA,Mecklenburg,12.4,,,
VA,Middlesex,9.7,,,
VA,Montgomery,9.5,,,
VA,Nelson,10.0,,,
VA,New Kent,10.6,,,
VA,Northampton,12.2,,,
VA,Northumberland,10.4,,,
VA,Nottoway,12.5,,,
VA,Orange,9.4,,,
VA,Page,10.6,,,
VA,Patrick,11.2,,,
VA,Pittsylvania,12.5,,,
VA,Powhatan,9.7,,,
VA,Prince Edward,13.0,,,
VA,Prince George,11.8,,,
VA,Prince William,9.8,,,
VA,Pulaski,10.6,,,
VA,Rappahannock,9.0,,,
VA,Richmond,13.3,,,
VA,Roanoke,8.1,,,
VA,Rockbridge,10.1,,,
VA,Rockingham,9.0,,,
VA,Russell,11.5,,,
VA,Scott,11.6,,,
VA,Shenandoah,9.6,,,
VA,Smyth,10.6,,,
VA,Southampton,13.9,,,
VA,Spotsylvania,9.4,,,
VA,Stafford,9.0,,,
VA,Surry,13.8,,,
VA,Sussex,15.8,,,
VA,Tazewell,11.3,,,
VA,Warren,10.1,,,
VA,Washington,10.2,,,
VA,Westmoreland,12.4,,,
VA,Wise,12.6,,,
VA,Wythe,9.9,,,
VA,York,8.0,,,
VA,Alexandria,6.7,,,
VA,Bedford,12.0,,,
VA,Bristol,11.6,,,
VA,Buena Vista,10.9,,,
VA,Charlottesville,9.8,,,
VA,Chesapeake,10.6,,,
VA,Colonial Heights,9.0,,,
VA,Covington,12.6,,,
VA,Danville,13.1,,,
VA,Emporia,14.0,,,
VA,Fairfax City,6.8,,,
VA,Falls Church,6.2,,,
VA,Franklin,11.9,,,
VA,Fredericksburg,9.7,,,
VA,Galax,9.6,,,
VA,Hampton,12.5,,,
VA,Harrisonburg,9.2,,,
VA,Hopewell,12.7,,,
VA,Lexington,8.6,,,
VA,Lynchburg,11.3,,,
VA,Manassas,9.6,,,
VA,Manassas Park,11.0,,,
VA,Martinsville,11.4,,,
VA,Newport News,11.9,,,
VA,Norfolk,13.3,,,
VA,Norton,8.4,,,
VA,Petersburg,15.8,,,
VA,Poquoson,8.4,,,
VA,Portsmouth,14.2,,,
VA,Radford,10.3,,,
VA,Richmond,13.2,,,
VA,Roanoke,12.3,,,
VA,Salem,9.5,,,
VA,Staunton,9.6,,,
VA,Suffolk,12.2,,,
VA,Virginia Beach,9.1,,,
VA,Waynesboro,9.0,,,
VA,Williamsburg,9.8,,,
VA,Winchester,9.3,,,
WA,Washington*,8.3,,,
WA,Adams,11.6,,,
WA,Asotin,10.1,,,
WA,Benton,9.2,,,
WA,Chelan,8.2,,,
WA,Clallam,7.8,,,
WA,Clark,8.9,,,
WA,Columbia,9.0,,,
WA,Cowlitz,9.9,,,
WA,Douglas,8.6,,,
WA,Ferry,10.3,,,
WA,Franklin,11.3,,,
WA,Garfield,9.9,,,
WA,Grant,10.7,,,
WA,Grays Harbor,10.7,,,
WA,Island,8.2,,,
WA,Jefferson,7.1,,,
WA,King,7.9,,,
WA,Kitsap,8.7,,,
WA,Kittitas,8.6,,,
WA,Klickitat,9.0,,,
WA,Lewis,10.1,,,
WA,Lincoln,8.7,,,
WA,Mason,9.8,,,
WA,Okanogan,9.5,,,
WA,Pacific,10.3,,,
WA,Pend Oreille,9.9,,,
WA,Pierce,10.3,,,
WA,San Juan,5.1,,,
WA,Skagit,8.3,,,
WA,Skamania,9.0,,,
WA,Snohomish,8.9,,,
WA,Spokane,8.8,,,
WA,Stevens,9.2,,,
WA,Thurston,8.3,,,
WA,Wahkiakum,9.6,,,
WA,Walla Walla,9.1,,,
WA,Whatcom,7.7,,,
WA,Whitman,9.0,,,
WA,Yakima,10.9,,,
WV,West Virginia*,13.9,,,
WV,Barbour,11.8,,,
WV,Berkeley,10.6,,,
WV,Boone,13.6,,,
WV,Braxton,11.9,,,
WV,Brooke,10.7,,,
WV,Cabell,11.0,,,
WV,Calhoun,11.7,,,
WV,Clay,12.8,,,
WV,Doddridge,11.3,,,
WV,Fayette,12.7,,,
WV,Gilmer,10.5,,,
WV,Grant,10.4,,,
WV,Greenbrier,11.6,,,
WV,Hampshire,10.9,,,
WV,Hancock,10.6,,,
WV,Hardy,10.5,,,
WV,Harrison,10.6,,,
WV,Jackson,11.6,,,
WV,Jefferson,9.9,,,
WV,Kanawha,11.4,,,
WV,Lewis,11.9,,,
WV,Lincoln,14.6,,,
WV,Logan,13.4,,,
WV,McDowell,15.1,,,
WV,Marion,10.1,,,
WV,Marshall,11.1,,,
WV,Mason,12.4,,,
WV,Mercer,12.0,,,
WV,Mineral,11.0,,,
WV,Mingo,13.9,,,
WV,Monongalia,9.2,,,
WV,Monroe,11.6,,,
WV,Morgan,11.0,,,
WV,Nicholas,11.8,,,
WV,Ohio,9.9,,,
WV,Pendleton,10.3,,,
WV,Pleasants,11.4,,,
WV,Pocahontas,10.7,,,
WV,Preston,11.0,,,
WV,Putnam,10.5,,,
WV,Raleigh,12.7,,,
WV,Randolph,10.0,,,
WV,Ritchie,11.4,,,
WV,Roane,12.3,,,
WV,Summers,12.4,,,
WV,Taylor,10.7,,,
WV,Tucker,10.5,,,
WV,Tyler,11.0,,,
WV,Upshur,11.4,,,
WV,Wayne,11.7,,,
WV,Webster,12.5,,,
WV,Wetzel,10.9,,,
WV,Wirt,11.3,,,
WV,Wood,10.5,,,
WV,Wyoming,13.5,,,
WI,Wisconsin*,8.6,,,
WI,Adams,10.9,,,
WI,Ashland,9.0,,,
WI,Barron,8.7,,,
WI,Bayfield,8.9,,,
WI,Brown,8.5,,,
WI,Buffalo,9.3,,,
WI,Burnett,9.8,,,
WI,Calumet,8.6,,,
WI,Chippewa,8.9,,,
WI,Clark,9.8,,,
WI,Columbia,8.8,,,
WI,Crawford,8.9,,,
WI,Dane,7.0,,,
WI,Dodge,9.1,,,
WI,Door,8.2,,,
WI,Douglas,9.4,,,
WI,Dunn,8.8,,,
WI,Eau Claire,7.8,,,
WI,Florence,10.0,,,
WI,Fond du Lac,8.9,,,
WI,Forest,10.8,,,
WI,Grant,9.1,,,
WI,Green,9.2,,,
WI,Green Lake,9.1,,,
WI,Iowa,8.5,,,
WI,Iron,9.3,,,
WI,Jackson,9.7,,,
WI,Jefferson,8.7,,,
WI,Juneau,10.1,,,
WI,Kenosha,9.4,,,
WI,Kewaunee,9.5,,,
WI,La Crosse,8.2,,,
WI,Lafayette,9.3,,,
WI,Langlade,9.6,,,
WI,Lincoln,9.1,,,
WI,Manitowoc,8.9,,,
WI,Marathon,8.5,,,
WI,Marinette,9.9,,,
WI,Marquette,10.1,,,
WI,Menominee,16.2,,,
WI,Milwaukee,10.4,,,
WI,Monroe,9.6,,,
WI,Oconto,9.9,,,
WI,Oneida,8.5,,,
WI,Outagamie,8.4,,,
WI,Ozaukee,6.2,,,
WI,Pepin,9.4,,,
WI,Pierce,8.1,,,
WI,Polk,8.4,,,
WI,Portage,8.5,,,
WI,Price,9.1,,,
WI,Racine,9.5,,,
WI,Richland,8.9,,,
WI,Rock,9.7,,,
WI,Rusk,10.1,,,
WI,St. Croix,7.6,,,
WI,Sauk,8.3,,,
WI,Sawyer,9.1,,,
WI,Shawano,9.7,,,
WI,Sheboygan,8.3,,,
WI,Taylor,9.8,,,
WI,Trempealeau,9.3,,,
WI,Vernon,8.9,,,
WI,Vilas,8.4,,,
WI,Walworth,8.6,,,
WI,Washburn,8.9,,,
WI,Washington,7.7,,,
WI,Waukesha,6.6,,,
WI,Waupaca,8.7,,,
WI,Waushara,9.8,,,
WI,Winnebago,8.7,,,
WI,Wood,9.0,,,
WY,Wyoming*,8.7,,,
WY,Albany,7.4,,,
WY,Big Horn,8.6,,,
WY,Campbell,8.8,,,
WY,Carbon,8.9,,,
WY,Converse,8.5,,,
WY,Crook,8.2,,,
WY,Fremont,8.8,,,
WY,Goshen,8.6,,,
WY,Hot Springs,8.5,,,
WY,Johnson,7.2,,,
WY,Laramie,9.0,,,
WY,Lincoln,8.5,,,
WY,Natrona,8.8,,,
WY,Niobrara,8.9,,,
WY,Park,7.2,,,
WY,Platte,8.7,,,
WY,Sheridan,8.4,,,
WY,Sublette,7.1,,,
WY,Sweetwater,8.8,,,
WY,Teton,5.1,,,
WY,Uinta,8.7,,,
WY,Washakie,8.8,,,
WY,Weston,8.2,,,
,,,,,
,,,,,
* State diagnosed diabetes prevalence was calculated directly from 2008 BRFSS data.,,,,,